block_name;bed_number;sowing_date;variaty_name;quatity;
G-10;3;31-03-15;MOONLIGHT;1188;
G-10;5;31-03-15;MOONLIGHT;1188;
G-10;7;31-03-15;MOONLIGHT;1188;
G-10;9;31-03-15;MOONLIGHT;1188;
G-10;11;31-03-15;MOONLIGHT;1188;
G-10;13;26-05-15;MOONLIGHT;1206;
G-10;15;26-05-15;MOONLIGHT;1206;
G-10;17;26-05-15;MOONLIGHT;1206;
G-10;19;26-05-15;MOONLIGHT;1206;
G-10;21;26-05-15;MOONLIGHT;1206;
G-10;23;26-05-15;MOONLIGHT;1206;
G-10;29;26-05-15;MOONLIGHT;1164;
G-10;43;26-05-15;MOONLIGHT;1152;
G-10;45;26-05-15;MOONLIGHT;1152;
G-10;47;26-05-15;MOONLIGHT;1152;
G-10;49;26-05-15;MOONLIGHT;1152;
G-10;57;26-05-15;MOONLIGHT;1266;
G-10;59;26-05-15;MOONLIGHT;1266;
G-10;67;30-03-15;MOONLIGHT;1188;
G-10;12;30-03-15;MOONLIGHT;1164;
G-10;14;26-05-15;MOONLIGHT;1180;
G-10;16;26-05-15;MOONLIGHT;1180;
G-10;18;26-05-15;MOONLIGHT;1180;
G-10;20;26-05-15;MOONLIGHT;1180;
G-10;22;30-03-15;MOONLIGHT;1170;
G-10;24;30-03-15;MOONLIGHT;1170;
G-10;26;30-03-15;MOONLIGHT;1170;
G-10;40;26-05-15;MOONLIGHT;1188;
G-10;44;26-05-15;MOONLIGHT;1194;
G-10;46;26-05-15;MOONLIGHT;1194;
G-10;48;30-03-15;MOONLIGHT;1176;
G-10;50;26-05-15;MOONLIGHT;1170;
G-10;52;26-05-15;MOONLIGHT;1170;
G-10;54;26-05-15;MOONLIGHT;1170;
G-10;56;26-05-15;MOONLIGHT;1170;
G-10;76;30-03-15;MOONLIGHT;960;
G-10;78;30-03-15;MOONLIGHT;1036;
G-10;82;30-03-15;MOONLIGHT;1146;
G-13;1;14-11-15;KINO;1332;
G-13;3;14-11-15;KINO;1332;
G-13;5;02-01-16;CHELO;1338;
G-13;7;16-07-16;CHELO;1338;
G-13;9;16-07-16;CHELO;1248;
G-13;11;13-05-16;DILETTA;1338;
G-13;13;13-05-16;DILETTA;1338;
G-13;15;09-04-16;ZENIT;1332;
G-13;17;15-04-16;ZENIT;1150;
G-13;19;13-05-16;DILETTA;1338;
G-13;21;12-12-16;CHELO;1340;
G-13;23;02-01-16;CHELO;1326;
G-13;25;10-12-16;NAUTILUS;1362;
G-13;27;09-05-16;NAUTILUS;1038;
G-13;29;24-11-15;FREDY;1356;
G-13;31;24-11-15;FREDY;1356;
G-13;33;29-09-15;CHELO;1350;
G-13;35;29-09-15;CHELO;1362;
G-13;37;29-11-16;HERMES;1110;
G-13;41;13-05-16;DILETTA;1140;
G-13;43;17-09-16;ZENIT;1150;
G-13;45;02-06-16;KINO;1120;
G-13;47;02-06-16;CHELO;1120;
G-13;49;16-12-16;ALI_BABA;1370;
G-13;51;09-05-16;KINO;1150;
G-13;53;09-08-16;DILETTA;1416;
G-13;55;20-11-15;CHELO;1380;
G-13;57;20-11-15;CHELO;1380;
G-13;59;09-08-16;DILETTA;1416;
G-13;61;08-08-15;KINO;1346;
G-13;63;09-08-16;DILETTA;1416;
G-13;65;08-08-15;KINO;1336;
G-13;67;24-11-15;KINO;1350;
G-13;69;24-11-15;KINO;1350;
G-13;71;24-11-15;KINO;1350;
G-13;73;16-01-16;NAUTILUS;1338;
G-13;75;29-11-16;KINO;1160;
G-13;77;01-08-15;FREDY;1338;
G-13;79;09-08-16;DILETTA;1338;
G-13;81;10-12-16;ALI_BABA;1350;
G-13;83;13-05-16;DILETTA;1278;
G-13;85;13-05-16;ALI_BABA;1326;
G-13;87;13-05-16;FREDY;1326;
G-13;89;08-04-15;KINO_SPORT;1416;
G-13;91;08-04-15;KINO_SPORT;1416;
G-13;93;16-05-15;DANDY;1452;
G-13;95;16-05-15;FREDY;1350;
G-13;97;10-12-16;ALI_BABA;1150;
G-13;99;09-05-16;KINO;1320;
G-13;101;09-05-16;KINO;1320;
G-13;103;18-08-16;HERMES;1320;
G-13;105;30-12-16;HELIOS;1320;
G-13;107;25-08-16;KINO;1344;
G-13;109;19-05-15;NAUTILUS;1344;
G-13;111;10-02-17;DILETTA;1374;
G-13;113;10-02-17;ARMONIA;1374;
G-13;115;24-11-15;FREDY;1344;
G-13;117;17-09-15;ZENIT;1374;
G-13;119;17-09-15;ZENIT;1374;
G-13;121;10-09-16;HELIOS;1374;
G-13;123;10-09-16;HELIOS;1400;
G-13;125;16-11-16;NAUTILUS;1356;
G-13;127;09-03-17;SORRISO;1326;
G-13;129;10-10-15;ZENIT;1150;
G-13;131;10-02-17;ARMONIA;1338;
G-13;133;10-02-17;DILETTA;1344;
G-13;135;25-08-16;FREDY;1360;
G-13;137;09-04-16;KINO;1356;
G-13;139;09-05-16;KINO;1200;
G-13;141;15-04-16;ZENIT;1356;
G-13;143;25-08-16;FREDY;1360;
G-13;145;19-05-15;NAUTILUS;1218;
G-13;147;21-01-17;SORRISO;1374;
G-13;149;03-02-17;HERMES;1374;
G-13;151;16-11-16;HERMES;1338;
G-13;153;16-11-16;HERMES;1338;
G-13;155;17-11-16;HERMES;1372;
G-13;161;16-07-16;ZENIT;1338;
G-13;163;29-08-15;KINO;1356;
G-13;165;29-08-15;KINO;1356;
G-13;167;29-08-15;KINO;1356;
G-13;169;16-07-16;ZENIT;1150;
G-13;171;24-02-17;ARMONIA;1332;
G-13;173;22-04-15;KINO;1362;
G-13;175;19-05-15;KINO;1332;
G-13;177;30-07-15;KINO;1350;
G-13;179;30-07-15;KINO;1350;
G-13;181;13-07-15;KINO;1350;
G-13;183;01-04-17;KINO;1320;
G-13;185;09-03-17;ZENIT;1356;
G-13;187;09-03-17;ZENIT;1356;
G-13;189;15-04-16;ZENIT;1150;
G-13;191;06-03-16;HELIOS;1368;
G-13;193;25-02-16;CHELO;1314;
G-13;197;06-08-16;NAUTILUS;1150;
G-13;199;29-08-15;KINO;1350;
G-13;201;09-03-17;SORRISO;1164;
G-13;203;16-03-17;DILETTA;1386;
G-13;205;06-11-15;ZENIT;960;
G-13;209;01-08-15;FREDY;1332;
G-13;211;10-08-15;KINO;1332;
G-13;213;09-07-16;KINO_SPORT;1410;
G-13;215;25-08-16;ZENIT;1410;
G-13;217;25-02-16;CHELO;1326;
G-13;219;17-02-17;CHELO;1368;
G-13;221;09-07-16;KINO_SPORT;1150;
G-13;223;15-04-16;ZENIT;1290;
G-13;225;19-11-16;ZENIT;1410;
G-13;227;10-12-16;NAUTILUS;1362;
G-13;229;10-12-16;ZENIT;1326;
G-13;231;16-03-17;DILETTA;1138;
G-13;233;07-06-16;CHELO;1350;
G-13;235;16-03-17;DILETTA;1338;
G-13;237;16-03-17;HERMES;1338;
G-13;239;16-03-17;HERMES;1338;
G-13;241;06-11-15;ZENIT;1300;
G-13;243;23-03-17;ARMONIA;1338;
G-13;245;16-07-16;CHELO;1150;
G-13;247;21-01-17;CHELO;1650;
G-13;249;13-05-16;ALI_BABA;1150;
G-13;251;21-01-17;CHELO;1320;
G-13;253;10-03-16;NAUTILUS;1356;
G-13;255;15-04-16;ZENIT;1356;
G-13;2;24-06-15;KINO_SPORT;1344;
G-13;4;24-06-15;KINO_SPORT;1344;
G-13;6;09-08-16;DILETTA;1368;
G-13;8;17-09-16;NAUTILUS;1350;
G-13;10;29-11-16;KINO;1416;
G-13;12;16-07-16;ZENIT;1386;
G-13;14;10-03-15;DANDY;1128;
G-13;16;10-09-16;HERMES;1380;
G-13;18;10-09-16;HERMES;1380;
G-13;20;10-09-16;HERMES;1380;
G-13;22;16-01-16;NAUTILUS;1148;
G-13;24;16-12-16;CHELO;1336;
G-13;26;16-07-16;ZENIT;1326;
G-13;28;16-12-16;CHELO;1216;
G-13;30;17-09-16;NAUTILUS;1150;
G-13;32;09-05-16;NAUTILUS;1350;
G-13;34;10-09-16;HERMES;1350;
G-13;36;10-09-16;HERMES;1350;
G-13;38;13-07-15;KINO;1350;
G-13;40;13-07-15;KINO;1296;
G-13;42;27-09-16;DILETTA;1326;
G-13;44;16-12-16;ALI_BABA;1326;
G-13;46;16-12-16;ALI_BABA;1326;
G-13;48;13-05-16;DILETTA;1350;
G-13;50;22-04-15;NAUTILUS;1368;
G-13;54;16-07-16;FREDY;1380;
G-13;56;16-07-16;FREDY;1380;
G-13;58;22-12-16;FREDY;1374;
G-13;60;22-12-16;FREDY;1344;
G-13;62;27-09-16;DILETTA;1326;
G-13;64;13-08-14;FREDY;1184;
G-13;66;24-11-15;FREDY;1346;
G-13;68;29-11-16;HERMES;1340;
G-13;70;29-11-16;HERMES;1340;
G-13;72;22-12-16;FREDY;1480;
G-13;74;19-05-15;NAUTILUS;1360;
G-13;76;06-08-16;NAUTILUS;1356;
G-13;78;06-08-16;NAUTILUS;1150;
G-13;80;13-07-15;KINO;1332;
G-13;82;09-08-16;DILETTA;1380;
G-13;84;09-08-16;KINO;1380;
G-13;86;30-12-16;SORRISO;1356;
G-13;88;27-09-16;KINO;1368;
G-13;90;10-12-16;ALI_BABA;1350;
G-13;92;01-08-15;KINO_SPORT;1380;
G-13;94;21-08-15;FREDY;1120;
G-13;96;16-01-16;KINO;1338;
G-13;98;16-01-16;KINO;1320;
G-13;100;09-08-16;HERMES;1440;
G-13;102;09-08-16;KINO;1150;
G-13;106;27-09-16;KINO;1290;
G-13;108;27-09-16;DILETTA;1290;
G-13;110;09-08-16;HERMES;1290;
G-13;112;09-05-16;KINO_SPORT;1290;
G-13;114;09-08-16;HERMES;1290;
G-13;116;09-08-16;HERMES;1380;
G-13;118;16-11-16;ALI_BABA;1338;
G-13;120;16-11-16;ALI_BABA;1200;
G-13;122;16-01-16;FREDY;1332;
G-13;124;19-11-16;ZENIT;1338;
G-13;126;16-01-16;CHELO;1380;
G-13;128;19-11-16;NAUTILUS;1338;
G-13;130;30-12-16;HELIOS;1440;
G-13;132;09-05-16;KINO_SPORT;1158;
G-13;134;13-07-15;KINO;1332;
G-13;136;25-08-16;KINO;1368;
G-13;140;16-07-16;HERMES;1368;
G-13;142;16-07-16;HERMES;1368;
G-13;144;16-07-16;HERMES;918;
G-13;146;03-02-17;HERMES;1338;
G-13;148;16-01-16;CHELO;1320;
G-13;150;11-02-16;FREDY;1338;
G-13;152;25-02-16;NAUTILUS;1282;
G-13;154;27-05-15;KINO;1386;
G-13;156;13-07-15;KINO;1296;
G-13;158;16-01-16;CHELO;1314;
G-13;160;16-01-16;CHELO;1314;
G-13;162;29-01-16;ALI_BABA;1314;
G-13;166;25-08-16;FREDY;1344;
G-13;170;25-08-16;FREDY;1344;
G-13;172;11-02-16;FREDY;1182;
G-13;174;21-10-14;KINO;1368;
G-13;176;25-08-16;ALI_BABA;1344;
G-13;178;16-07-16;ZENIT;1376;
G-13;180;15-04-16;ZENIT;1150;
G-13;182;29-08-15;KINO;1350;
G-13;184;21-03-14;ISOLA;1376;
G-13;186;01-04-17;KINO;1338;
G-13;188;04-02-16;CHELO;1338;
G-13;192;09-03-17;ZENIT;1368;
G-13;200;11-02-16;KINO;1314;
G-13;202;19-02-16;NAUTILUS;1314;
G-13;204;09-03-17;ZENIT;1250;
G-13;206;03-03-17;KINO;1226;
G-13;208;03-03-17;KINO;1254;
G-13;210;03-03-17;KINO;1254;
G-13;212;19-11-16;ZENIT;1200;
G-13;214;29-01-16;ZENIT;1200;
G-13;216;29-01-16;ALI_BABA;1150;
G-13;218;16-03-17;DILETTA;1374;
G-13;220;25-03-15;NAUTILUS;1380;
G-13;222;25-08-16;FREDY;1150;
G-13;224;25-08-16;KINO;1350;
G-13;226;25-08-16;HELIOS;1350;
G-13;228;25-08-16;HELIOS;1038;
G-13;230;17-02-17;CHELO;1338;
G-13;234;09-04-16;FREDY;1326;
G-13;236;09-04-16;FREDY;1332;
G-13;238;17-02-17;CHELO;1350;
G-13;242;09-05-16;FREDY;1314;
G-13;244;09-05-16;FREDY;1314;
G-13;246;13-05-16;FREDY;1314;
G-13;248;00-01-00;DANDY;1000;
G-13;250;16-03-17;HERMES;1350;
G-13;252;16-03-17;HERMES;1350;
G-13;254;30-12-16;SORRISO;1326;
G-13;256;17-02-17;CHELO;1398;
G-13;258;31-03-16;ALI_BABA;1332;
G-13;262;09-05-16;FREDY;1200;
G-14;1;31-01-16;AMOROSA;1508;
G-14;3;08-08-15;ALI_BABA;1598;
G-14;5;08-08-15;ALI_BABA;1588;
G-14;7;13-01-17;DILETTA;1578;
G-14;9;25-02-17;JOBIM;1644;
G-14;11;25-02-17;JOBIM;1644;
G-14;13;25-02-17;JOBIM;1644;
G-14;15;25-02-17;ZEPPELIN;1644;
G-14;17;08-08-15;ALI_BABA;1010;
G-14;19;21-09-15;POLIMNIA;1708;
G-14;21;19-11-16;ZEPPELIN;1620;
G-14;23;19-11-16;ZEPPELIN;1660;
G-14;25;07-02-17;AMOROSA;1620;
G-14;27;17-02-17;AMOROSA;1644;
G-14;29;25-02-17;ZEPPELIN;1644;
G-14;31;26-01-17;RODAS;1644;
G-14;33;04-03-17;RODAS;1548;
G-14;35;31-01-17;ZEPPELIN;1644;
G-14;37;31-01-17;ZEPPELIN;1584;
G-14;39;12-01-16;BIZET;1548;
G-14;41;27-02-17;ZEPPELIN;1536;
G-14;43;31-01-16;ANTIGUA;1572;
G-14;45;23-10-15;POLIMNIA;1572;
G-14;47;21-04-16;DILETTA;1360;
G-14;49;09-12-16;NOVIA;1656;
G-14;51;09-12-16;RODAS;1620;
G-14;53;31-01-17;JOBIM;1620;
G-14;55;04-03-17;RODAS;1620;
G-14;57;22-12-15;BIZET;1644;
G-14;59;04-08-15;ANTIGUA;1596;
G-14;61;31-01-16;ANTIGUA;1644;
G-14;63;30-04-16;DILETTA;1668;
G-14;65;30-12-16;ZEPPELIN;1662;
G-14;67;03-09-16;AMOROSA;1662;
G-14;69;19-10-15;DILETTA;1662;
G-14;71;19-10-15;DILETTA;1662;
G-14;73;21-08-15;POLIMNIA;1674;
G-14;75;21-08-15;POLIMNIA;1674;
G-14;77;30-04-16;DILETTA;1662;
G-14;79;21-04-16;DILETTA;1650;
G-14;81;21-04-16;DILETTA;1650;
G-14;83;23-10-15;POLIMNIA;1704;
G-14;85;03-09-16;AMOROSA;1626;
G-14;87;26-09-15;NOVIA;1608;
G-14;89;30-04-16;DILETTA;1630;
G-14;91;30-12-16;ZEPPELIN;1638;
G-14;93;17-06-16;JOBIM;1650;
G-14;95;30-12-16;ANTIGUA;1650;
G-14;97;08-09-15;ANTIGUA;1658;
G-14;99;18-07-15;ALI_BABA;1638;
G-14;101;18-07-15;ALI_BABA;1638;
G-14;103;27-08-16;RODAS;1668;
G-14;105;27-08-16;RODAS;1668;
G-14;107;20-02-16;DILETTA;1668;
G-14;109;30-04-16;AMOROSA;1560;
G-14;111;26-07-16;JOBIM;1542;
G-14;113;30-04-16;AMOROSA;1542;
G-14;115;14-04-16;AMOROSA;1542;
G-14;117;14-04-16;AMOROSA;1566;
G-14;119;14-04-16;DILETTA;1566;
G-14;121;26-07-16;JOBIM;1656;
G-14;123;26-07-16;JOBIM;1656;
G-14;125;03-09-16;JOBIM;1656;
G-14;127;03-09-16;BIZET;1656;
G-14;129;04-02-16;LEGE_MARRONE;1602;
G-14;131;17-06-16;JOBIM;1150;
G-14;133;09-01-16;GLADYS;1120;
G-14;135;17-06-16;JOBIM;1656;
G-14;137;26-07-16;JOBIM;1656;
G-14;139;03-09-16;JOBIM;1656;
G-14;141;03-09-16;JOBIM;1656;
G-14;143;03-01-17;JOBIM;1644;
G-14;145;03-01-17;JOBIM;1644;
G-14;147;23-03-17;AMOROSA;1638;
G-14;149;17-10-15;FAUSTO;1590;
G-14;151;17-10-15;FAUSTO;1590;
G-14;153;31-01-17;JOBIM;1680;
G-14;155;26-07-16;JOBIM;1656;
G-14;163;04-09-15;BIZET;1668;
G-14;165;04-09-15;BIZET;1890;
G-14;167;11-06-16;NOVIA;1290;
G-14;169;11-06-16;NOVIA;1290;
G-14;171;26-07-16;BIZET;1602;
G-14;173;26-07-16;BIZET;1602;
G-14;175;26-07-16;BIZET;1602;
G-14;177;16-03-16;DILETTA;1602;
G-14;179;16-03-16;DILETTA;1602;
G-14;181;31-03-16;DILETTA;1602;
G-14;183;21-01-17;BIZET;1566;
G-14;185;31-03-16;DILETTA;1602;
G-14;187;22-12-15;BIZET;1638;
G-14;189;10-07-15;ALI_BABA;1638;
G-14;191;10-07-15;ALI_BABA;1638;
G-14;193;22-12-15;BIZET;1638;
G-14;195;26-07-16;BIZET;1692;
G-14;197;26-07-16;BIZET;1692;
G-14;199;26-07-16;BIZET;1692;
G-14;201;31-01-17;JOBIM;1530;
G-14;203;20-02-16;BIZET;1602;
G-14;205;31-01-17;JOBIM;1620;
G-14;207;26-07-16;BIZET;1704;
G-14;209;26-07-16;ANTIGUA;954;
G-14;211;26-07-16;LEGE_MARRONE;1704;
G-14;213;03-09-16;JOBIM;1698;
G-14;215;21-01-17;BIZET;1662;
G-14;217;20-02-16;BIZET;1602;
G-14;219;20-02-16;BIZET;1602;
G-14;221;21-04-16;DILETTA;1602;
G-14;223;13-07-16;DILETTA_CREMA;1602;
G-14;225;13-07-16;DILETTA_CREMA;1150;
G-14;227;04-03-17;ANTIGUA;1614;
G-14;229;14-04-16;GLADYS;1684;
G-14;231;16-10-15;BIZET;1626;
G-14;233;13-07-16;AMOROSA;1640;
G-14;235;16-10-15;BIZET;1266;
G-14;237;13-07-16;NOVIA;1626;
G-14;239;13-07-16;AMOROSA;1626;
G-14;2;30-12-16;ZEPPELIN;1890;
G-14;4;30-12-16;ZEPPELIN;1890;
G-14;6;13-01-17;DILETTA;1788;
G-14;8;15-09-16;AMOROSA;1470;
G-14;10;15-09-16;DILETTA_CREMA;1872;
G-14;12;17-06-16;JOBIM;1872;
G-14;14;17-06-16;JOBIM;1872;
G-14;16;14-04-16;DILETTA;1410;
G-14;18;22-01-16;DILETTA_CREMA;1872;
G-14;20;22-01-16;NOVIA;1800;
G-14;22;10-09-16;NOVIA;1800;
G-14;24;10-09-16;LEGE_MARRONE;1150;
G-14;26;10-09-16;NOVIA;1860;
G-14;28;25-02-17;JOBIM;1842;
G-14;30;12-01-16;BIZET;1782;
G-14;32;12-01-16;JOBIM;1782;
G-14;34;12-01-16;JOBIM;1782;
G-14;36;03-09-16;BIZET;1040;
G-14;38;03-09-16;BIZET;1788;
G-14;40;27-02-17;ZEPPELIN;1848;
G-14;42;27-02-17;ZEPPELIN;1848;
G-14;44;27-02-17;ZEPPELIN;1848;
G-14;46;23-09-16;GLADYS;1842;
G-14;48;23-09-16;GLADYS;1150;
G-14;50;15-09-16;NOVIA;1186;
G-14;52;30-04-16;DILETTA;1842;
G-14;54;23-09-16;ANTIGUA;1872;
G-14;56;23-09-16;ANTIGUA;1842;
G-14;58;14-04-16;ANTIGUA;990;
G-14;60;10-08-16;POLIMNIA;1864;
G-14;62;10-08-16;GLADYS;1824;
G-14;64;04-03-17;ZEPPELIN;1842;
G-14;66;02-01-16;BIZET;1520;
G-14;68;10-10-15;AMOROSA;1580;
G-14;70;10-10-15;AMOROSA;1580;
G-14;72;20-02-16;DILETTA;1552;
G-14;74;20-02-16;DILETTA;1552;
G-14;76;27-08-16;POLIMNIA;1150;
G-14;78;27-08-16;POLIMNIA;1842;
G-14;80;30-04-16;DILETTA;1842;
G-14;82;18-12-15;DILETTA;1842;
G-14;84;30-04-16;DILETTA;1830;
G-14;86;30-04-16;DILETTA;1830;
G-14;88;04-03-17;ZEPPELIN;1200;
G-14;90;27-02-17;LEGE_MARRONE;1110;
G-14;92;27-02-17;LEGE_MARRONE;1806;
G-14;94;16-09-15;ANTIGUA;1806;
G-14;96;30-12-16;JOBIM;1806;
G-14;98;09-07-15;NOVIA;1800;
G-14;100;26-09-15;NOVIA;1800;
G-14;102;30-12-16;ZEPPELIN;1250;
G-14;104;30-04-16;DILETTA;1836;
G-14;106;26-07-16;JOBIM;1590;
G-14;108;21-11-15;NOVIA;1836;
G-14;110;30-04-16;AMOROSA;1842;
G-14;112;18-12-15;DILETTA;1830;
G-14;114;26-07-16;JOBIM;1860;
G-14;116;18-05-16;POLIMNIA;1824;
G-14;118;04-02-16;DILETTA_CREMA;1806;
G-14;120;26-07-16;JOBIM;1860;
G-14;122;22-12-15;BIZET;1782;
G-14;126;26-09-15;NOVIA;1800;
G-14;128;18-05-16;JOBIM;1842;
G-14;130;22-12-15;NOVIA;1806;
G-14;132;30-04-16;DILETTA;1842;
G-14;134;03-09-16;JOBIM;1842;
G-14;136;12-02-16;NOVIA;1860;
G-14;138;03-09-16;JOBIM;1488;
G-14;140;04-02-16;LEGE_MARRONE;1488;
G-14;142;27-10-15;DILETTA;1528;
G-14;144;20-02-16;DILETTA;1508;
G-14;146;20-02-16;DILETTA;1508;
G-14;148;26-07-16;JOBIM;1782;
G-14;150;07-11-14;LIZZY;1472;
G-14;152;11-11-15;NOVIA;1480;
G-14;154;27-10-15;DILETTA_CREMA;1548;
G-14;156;31-01-17;JOBIM;1800;
G-14;158;18-05-16;NOVIA;1782;
G-14;160;11-06-16;NOVIA;1146;
G-14;162;04-03-17;BIZET;1150;
G-14;164;04-03-17;BIZET;1752;
G-14;166;09-01-16;DILETTA;1788;
G-14;168;09-01-16;DILETTA;1788;
G-14;170;21-01-17;NOVIA;1776;
G-14;172;21-01-17;NOVIA;1782;
G-14;174;22-12-15;BIZET;1794;
G-14;176;26-09-15;DILETTA;1480;
G-14;178;26-09-15;DILETTA;1480;
G-14;180;09-01-16;NOVIA;1782;
G-14;182;12-01-16;JOBIM;1782;
G-14;184;12-01-16;JOBIM;1782;
G-14;186;12-02-16;NOVIA;1788;
G-14;188;20-02-16;GLADYS;1800;
G-14;190;30-04-16;DILETTA;1806;
G-14;192;26-07-16;BIZET;1806;
G-14;194;26-07-16;BIZET;1806;
G-14;196;26-07-16;BIZET;1806;
G-14;198;06-03-16;JOBIM;1496;
G-14;200;21-01-17;BIZET;1764;
G-14;202;06-03-16;JOBIM;1496;
G-14;204;06-03-16;JOBIM;1492;
G-14;206;17-10-15;FAUSTO;1494;
G-14;208;16-10-15;BIZET;1518;
G-14;212;16-10-15;BIZET;1776;
G-14;214;26-07-16;BIZET;1776;
G-14;216;22-04-15;ANTIGUA;1836;
G-14;218;22-04-15;ANTIGUA;1836;
G-14;220;30-07-15;DILETTA_CREMA;1782;
G-14;222;04-09-15;AMOROSA;1800;
G-14;224;18-03-17;LEGE_MARRONE;1150;
G-14;226;18-03-17;LEGE_MARRONE;1746;
G-14;228;16-01-16;LEGE_MARRONE;1782;
G-14;230;16-01-16;LEGE_MARRONE;1782;
G-14;232;16-09-15;GLADYS;1746;
G-14;234;16-09-15;GLADYS;1746;
G-14;236;04-03-17;ANTIGUA;1758;
G-14;238;26-09-15;DILETTA;1782;
G-14;240;21-04-16;DILETTA;1516;
G-14;242;21-04-16;DILETTA;1488;
G-14;244;26-09-15;DILETTA;1540;
G-14;246;26-09-15;DILETTA;1540;
G-14;248;21-04-16;DILETTA;1488;
G-14;250;14-04-16;GLADYS;1790;
G-09;185;12-08-15;ZENIT;1146;
G-09;187;12-08-15;ZENIT;1146;
G-09;32;17-07-15;BIZET;1152;
G-09;34;17-07-15;BIZET;1152;
G-09;36;17-07-15;BIZET;1152;
G-09;140;17-03-15;ZENIT;1200;
G-09;142;17-03-15;ZENIT;1200;
G-24;1;25-03-17;MOONLIGHT;1164;
G-24;3;25-03-17;MOONLIGHT;972;
G-24;5;12-10-16;HELIOS;980;
G-24;7;04-03-16;MOONLIGHT;980;
G-24;9;09-02-16;GRANSOLE;996;
G-24;11;06-10-15;MOONLIGHT;964;
G-24;13;06-10-15;MOONLIGHT;964;
G-24;15;06-10-15;MOONLIGHT;1158;
G-24;17;12-10-16;HELIOS;1164;
G-24;19;25-03-17;GRANSOLE;1152;
G-24;21;04-03-16;MOONLIGHT;1146;
G-24;23;07-05-15;WALKER;1128;
G-24;25;27-08-16;PELAYO;1176;
G-24;29;27-12-16;FARIDA;948;
G-24;31;15-04-16;GRANSOLE;960;
G-24;33;13-07-16;GRANSOLE;960;
G-24;35;13-07-16;GRANSOLE;960;
G-24;37;05-10-15;MOONLIGHT;960;
G-24;39;04-03-16;MOONLIGHT;968;
G-24;41;16-03-16;GRANSOLE;968;
G-24;43;26-01-16;MOONLIGHT;976;
G-24;45;26-01-16;MOONLIGHT;976;
G-24;47;06-04-16;GRANSOLE;980;
G-24;49;12-12-16;FARIDA;1120;
G-24;51;26-01-16;MOONLIGHT;1128;
G-24;53;26-01-16;MOONLIGHT;1128;
G-24;57;12-10-16;BIZET;1152;
G-24;59;12-10-16;BIZET;1152;
G-24;61;15-07-15;WALKER;1168;
G-24;63;27-08-16;PELAYO;1152;
G-24;65;27-08-16;PELAYO;1152;
G-24;67;31-05-16;MOONLIGHT;1134;
G-24;73;13-07-16;GRANSOLE;1134;
G-24;75;26-01-16;MOONLIGHT;1140;
G-24;77;12-10-16;BIZET;1140;
G-24;79;12-10-16;BIZET;1140;
G-24;81;31-05-16;MOONLIGHT;1134;
G-24;83;05-10-15;MOONLIGHT;1146;
G-24;87;05-10-15;MOONLIGHT;1140;
G-24;89;05-10-15;MOONLIGHT;1140;
G-24;91;31-05-16;MOONLIGHT;1134;
G-24;93;13-07-16;GRANSOLE;1134;
G-24;95;24-09-16;GRANSOLE;1140;
G-24;97;31-05-16;MOONLIGHT;1140;
G-24;99;12-10-16;BIZET;1000;
G-24;101;12-10-16;BIZET;1000;
G-24;103;12-10-16;BIZET;1000;
G-24;105;12-10-16;BIZET;1000;
G-24;107;12-10-16;BIZET;1000;
G-24;109;07-06-16;GRANSOLE;1000;
G-24;111;26-01-16;MOONLIGHT;1134;
G-24;113;05-11-15;MOONLIGHT;1140;
G-24;115;12-10-16;GRANSOLE;1152;
G-24;117;09-02-16;MOONLIGHT;1128;
G-24;119;06-04-16;MOONLIGHT;1164;
G-24;123;17-05-16;GRANSOLE;1164;
G-24;125;17-05-16;GRANSOLE;1164;
G-24;127;12-10-16;GRANSOLE;1128;
G-24;129;15-04-16;GRANSOLE;1128;
G-24;131;09-02-16;MOONLIGHT;1128;
G-24;133;05-11-15;MOONLIGHT;1152;
G-24;135;05-11-15;MOONLIGHT;1152;
G-24;137;12-10-16;HERMES;1152;
G-24;141;12-10-16;HERMES;1152;
G-24;143;12-10-16;HERMES;1152;
G-24;145;16-12-15;MOONLIGHT;1116;
G-24;147;16-12-15;MOONLIGHT;1116;
G-24;149;31-05-16;MOONLIGHT;1146;
G-24;151;12-10-16;HERMES;1152;
G-24;153;17-07-14;BOUZERON;1152;
G-24;155;06-04-16;MOONLIGHT;1122;
G-24;157;06-04-16;MOONLIGHT;1122;
G-24;159;06-04-16;MOONLIGHT;1122;
G-24;161;13-07-16;PELAYO;1128;
G-24;165;09-02-16;MOONLIGHT;1086;
G-24;167;06-04-16;MOONLIGHT;1152;
G-24;169;09-02-16;MOONLIGHT;1146;
G-24;171;20-05-15;GRANSOLE;1182;
G-24;173;09-07-15;GRANSOLE;1170;
G-24;175;06-04-16;MOONLIGHT;1140;
G-24;177;12-10-16;WALKER;1150;
G-24;179;28-05-15;GRANSOLE;1200;
G-24;183;13-07-16;PELAYO;1000;
G-24;185;13-07-16;PELAYO;1000;
G-24;187;12-10-16;SORRISO;1000;
G-24;189;12-10-16;SORRISO;1000;
G-24;191;09-10-15;WALKER;1140;
G-24;195;25-03-17;GRANSOLE;940;
G-24;197;22-10-16;MOONLIGHT;1140;
G-24;199;25-03-17;GRANSOLE;1164;
G-24;201;10-01-17;FUENTE;1164;
G-24;203;10-01-17;FUENTE;1164;
G-24;205;10-01-17;FUENTE;1164;
G-24;207;22-10-16;MOONLIGHT;1152;
G-24;213;25-03-17;GRANSOLE;1188;
G-24;219;09-02-16;MOONLIGHT;1200;
G-24;221;06-04-16;MOONLIGHT;1200;
G-24;223;14-05-16;MOONLIGHT;1200;
G-24;225;02-12-15;MOONLIGHT;1158;
G-24;227;14-05-16;MOONLIGHT;1188;
G-24;229;14-05-16;MOONLIGHT;1188;
G-24;231;22-10-16;MOONLIGHT;1122;
G-24;235;22-10-16;BIZET;1152;
G-24;239;13-07-16;PELAYO;1140;
G-24;241;14-05-16;DON_PEDRO;1140;
G-24;243;14-05-16;DON_PEDRO;1140;
G-24;245;14-05-16;DON_PEDRO;1140;
G-24;247;14-05-16;DON_PEDRO;1140;
G-24;249;17-05-16;DON_PEDRO;1140;
G-24;253;24-03-15;GRANSOLE;1182;
G-24;255;05-03-15;WALKER;984;
G-24;257;05-03-15;WALKER;984;
G-24;259;15-04-16;GRANSOLE;964;
G-24;261;21-08-14;WALKER;1024;
G-24;263;21-08-14;WALKER;1024;
G-24;265;09-10-14;WALKER;992;
G-24;267;22-10-16;BIZET;972;
G-24;269;23-07-16;GRANSOLE;972;
G-24;271;23-07-16;GRANSOLE;972;
G-24;273;22-10-16;BIZET;976;
G-24;275;23-07-16;DANIKO;972;
G-24;277;23-07-16;DANIKO;972;
G-24;279;22-10-16;BIZET;1164;
G-24;281;15-07-15;WALKER;1170;
G-24;283;15-07-15;WALKER;1170;
G-24;285;22-10-16;BIZET;1164;
G-24;287;17-05-16;GRANSOLE;1176;
G-24;289;17-05-16;GRANSOLE;1176;
G-24;291;24-09-16;RODAS;1152;
G-24;295;22-10-16;BIZET;1140;
G-24;297;24-09-16;RODAS;1152;
G-24;299;23-07-16;DANIKO;1140;
G-24;301;23-07-16;DANIKO;1140;
G-24;303;05-03-15;WALKER;1146;
G-24;305;05-03-15;WALKER;1146;
G-24;309;22-10-16;BIZET;968;
G-24;311;22-10-16;BIZET;968;
G-24;313;22-10-16;BIZET;968;
G-24;315;15-07-15;WALKER;956;
G-24;317;15-07-15;WALKER;956;
G-24;319;23-11-16;EXTASIS;976;
G-24;321;24-09-16;GRANSOLE;966;
G-24;325;22-10-16;BIZET;1164;
G-24;327;09-10-15;WALKER;1104;
G-24;329;27-12-16;EXTASIS;1122;
G-24;331;22-10-16;BIZET;1164;
G-24;333;22-10-16;BIZET;1164;
G-24;335;30-07-16;DANIKO;1000;
G-24;337;23-11-16;EXTASIS;1158;
G-24;339;23-11-16;EXTASIS;1128;
G-24;343;26-10-16;EXTASIS;1170;
G-24;347;30-07-16;GRANSOLE;1170;
G-24;351;30-07-16;GRANSOLE;1170;
G-24;353;16-01-17;FARIDA;1170;
G-24;355;16-01-17;FARIDA;1170;
G-24;357;16-01-17;FARIDA;1170;
G-24;359;16-01-17;FARIDA;1170;
G-24;361;13-05-15;GRANSOLE;1170;
G-24;365;13-05-15;GRANSOLE;988;
G-24;367;06-04-16;DANIKO;972;
G-24;369;06-04-16;DANIKO;972;
G-24;371;06-04-16;DANIKO;972;
G-24;373;05-11-16;GRANSOLE;948;
G-24;375;24-09-16;GRANSOLE;980;
G-24;377;24-09-16;GRANSOLE;980;
G-24;379;05-11-16;GRANSOLE;948;
G-24;381;05-11-16;GRANSOLE;948;
G-24;383;05-11-16;GRANSOLE;948;
G-24;385;05-11-16;GRANSOLE;948;
G-24;387;11-11-16;CAPRICHO;948;
G-24;389;11-11-16;CAPRICHO;948;
G-24;391;11-11-16;CAPRICHO;948;
G-24;393;17-05-16;WALKER;960;
G-24;395;17-05-16;WALKER;960;
G-24;397;11-11-16;FARIDA;1000;
G-24;399;11-11-16;FARIDA;1000;
G-24;405;12-12-16;FARIDA;1120;
G-24;2;12-10-16;HELIOS;1164;
G-24;4;09-02-16;GRANSOLE;972;
G-24;6;02-10-15;GRANSOLE;952;
G-24;8;02-10-15;GRANSOLE;952;
G-24;10;26-10-16;ZAFIRO;1000;
G-24;12;12-10-16;HELIOS;1164;
G-24;14;12-10-16;HELIOS;1164;
G-24;16;06-04-16;GRANSOLE;960;
G-24;18;09-02-16;GRANSOLE;992;
G-24;20;06-10-15;MOONLIGHT;984;
G-24;22;07-05-15;WALKER;1000;
G-24;24;27-08-16;PELAYO;1000;
G-24;26;13-07-16;GRANSOLE;1000;
G-24;28;06-04-16;GRANSOLE;1120;
G-24;30;06-04-16;MOONLIGHT;1120;
G-24;32;31-05-16;MOONLIGHT;940;
G-24;34;31-05-16;MOONLIGHT;940;
G-24;36;13-07-16;GRANSOLE;960;
G-24;38;26-10-16;ZAFIRO;960;
G-24;40;07-05-15;WALKER;928;
G-24;42;07-05-15;WALKER;928;
G-24;44;13-07-16;GRANSOLE;1152;
G-24;46;15-07-15;WALKER;1000;
G-24;48;07-05-15;WALKER;1000;
G-24;50;27-12-16;FARIDA;1260;
G-24;52;27-08-16;PELAYO;964;
G-24;54;06-04-16;MOONLIGHT;986;
G-24;56;07-06-16;GRANSOLE;986;
G-24;58;12-10-16;WALKER;1170;
G-24;60;13-07-16;GRANSOLE;1000;
G-24;62;12-10-16;WALKER;1000;
G-24;64;05-10-15;MOONLIGHT;980;
G-24;66;31-05-16;MOONLIGHT;1000;
G-24;68;24-09-16;GRANSOLE;960;
G-24;70;12-10-16;WALKER;1000;
G-24;72;05-10-15;MOONLIGHT;1176;
G-24;74;05-10-15;MOONLIGHT;1176;
G-24;76;05-11-15;MOONLIGHT;1140;
G-24;78;06-04-16;MOONLIGHT;1134;
G-24;80;12-10-16;GRANSOLE;1140;
G-24;82;13-05-15;WALKER;1140;
G-24;86;07-06-16;GRANSOLE;940;
G-24;88;26-10-16;ZAFIRO;944;
G-24;92;31-05-16;MOONLIGHT;944;
G-24;94;12-10-16;BIZET;944;
G-24;96;31-05-16;MOONLIGHT;944;
G-24;98;13-07-16;GRANSOLE;1122;
G-24;100;12-10-16;BIZET;1134;
G-24;102;12-10-16;BIZET;1134;
G-24;104;12-10-16;GRANSOLE;1134;
G-24;106;12-10-16;GRANSOLE;1134;
G-24;108;12-10-16;GRANSOLE;1134;
G-24;112;09-02-16;MOONLIGHT;1134;
G-24;114;05-10-15;MOONLIGHT;1140;
G-24;116;06-04-16;MOONLIGHT;1160;
G-24;118;17-05-16;GRANSOLE;1164;
G-24;120;26-01-16;MOONLIGHT;1158;
G-24;122;05-10-15;MOONLIGHT;1152;
G-24;124;26-01-16;MOONLIGHT;1122;
G-24;128;07-01-16;MOONLIGHT;1150;
G-24;130;27-12-16;FARIDA;1146;
G-24;132;12-10-16;GRANSOLE;1146;
G-24;134;12-10-16;GRANSOLE;1146;
G-24;136;12-10-16;GRANSOLE;1146;
G-24;138;12-10-16;GRANSOLE;1146;
G-24;142;16-12-15;MOONLIGHT;1080;
G-24;144;16-12-15;MOONLIGHT;1080;
G-24;146;16-12-15;MOONLIGHT;1080;
G-24;148;09-02-16;MOONLIGHT;1086;
G-24;150;09-07-15;GRANSOLE;1092;
G-24;152;12-10-16;GRANSOLE;1000;
G-24;156;17-05-16;GRANSOLE;1164;
G-24;158;29-08-15;GRANSOLE;1176;
G-24;162;28-05-15;GRANSOLE;1150;
G-24;164;28-05-15;GRANSOLE;1150;
G-24;166;06-04-16;MOONLIGHT;1140;
G-24;168;06-04-16;MOONLIGHT;1140;
G-24;170;17-05-16;GRANSOLE;1140;
G-24;172;13-07-16;PELAYO;1140;
G-24;174;25-03-17;GRANSOLE;1158;
G-24;178;22-10-16;MOONLIGHT;1158;
G-24;180;12-10-16;ZENIT;1170;
G-24;184;13-07-16;PELAYO;1170;
G-24;186;22-10-16;MOONLIGHT;1158;
G-24;188;22-10-16;MOONLIGHT;1158;
G-24;190;22-10-16;MOONLIGHT;1158;
G-24;192;22-10-16;MOONLIGHT;1158;
G-24;194;02-12-15;MOONLIGHT;1128;
G-24;196;02-12-15;MOONLIGHT;908;
G-24;198;02-12-15;MOONLIGHT;908;
G-24;200;16-12-15;MOONLIGHT;908;
G-24;202;10-01-17;FUENTE;920;
G-24;204;13-05-15;GRANSOLE;920;
G-24;206;10-01-17;FUENTE;916;
G-24;210;06-04-16;MOONLIGHT;1134;
G-24;214;25-03-17;GRANSOLE;1134;
G-24;216;17-05-16;GRANSOLE;1134;
G-24;218;22-10-16;MOONLIGHT;1158;
G-24;220;22-10-16;MOONLIGHT;1158;
G-24;226;23-11-16;JOBIM;1176;
G-24;228;23-11-16;JOBIM;1176;
G-24;230;23-11-16;JOBIM;1176;
G-24;232;14-05-16;MOONLIGHT;1164;
G-24;234;17-10-13;WALKER;1000;
G-24;236;22-10-16;EXTASIS;1164;
G-24;238;22-10-16;EXTASIS;1164;
G-24;240;23-07-16;GRANSOLE;1140;
G-24;242;09-07-15;GRANSOLE;996;
G-24;244;09-07-15;GRANSOLE;936;
G-24;246;31-01-14;BOUZERON;1158;
G-24;248;13-05-15;WALKER;1182;
G-24;250;16-01-17;FARIDA;1146;
G-24;254;09-07-15;GRANSOLE;940;
G-24;256;23-11-16;HELIOS;1150;
G-24;258;09-07-15;GRANSOLE;940;
G-24;260;18-07-14;BOUZERON;904;
G-24;262;15-07-15;WALKER;1116;
G-24;264;09-10-14;WALKER;1150;
G-24;266;23-11-16;HELIOS;932;
G-24;268;15-07-15;WALKER;1000;
G-24;270;27-12-16;EXTASIS;936;
G-24;272;09-07-15;GRANSOLE;960;
G-24;274;23-11-16;HELIOS;960;
G-24;276;13-05-15;WALKER;988;
G-24;278;13-05-15;WALKER;988;
G-24;280;17-05-16;GRANSOLE;972;
G-24;282;13-05-15;WALKER;976;
G-24;284;15-07-15;WALKER;986;
G-24;286;05-08-15;GRANSOLE;976;
G-24;288;05-08-15;GRANSOLE;976;
G-24;290;23-07-16;DANIKO;956;
G-24;292;15-04-16;GRANSOLE;956;
G-24;294;13-05-15;GRANSOLE;976;
G-24;296;13-05-15;GRANSOLE;992;
G-24;298;23-11-16;EXTASIS;1158;
G-24;300;10-01-15;WALKER;1158;
G-24;302;14-05-16;GRANSOLE;1140;
G-24;304;17-05-16;GRANSOLE;1140;
G-24;306;17-05-16;GRANSOLE;1140;
G-24;310;15-07-15;WALKER;920;
G-24;312;22-10-16;BIZET;904;
G-24;314;22-10-16;BIZET;924;
G-24;316;22-10-16;BIZET;924;
G-24;318;22-10-16;BIZET;1146;
G-24;320;22-10-16;BIZET;924;
G-24;322;22-10-16;BIZET;924;
G-24;324;14-05-16;GRANSOLE;1116;
G-24;326;17-05-16;GRANSOLE;1116;
G-24;328;12-11-16;RODAS;1116;
G-24;330;12-11-16;RODAS;1116;
G-24;332;17-05-16;GRANSOLE;1122;
G-24;334;22-10-16;BIZET;1158;
G-24;336;26-10-16;FARIDA;968;
G-24;338;23-11-16;EXTASIS;972;
G-24;340;26-10-16;FARIDA;974;
G-24;342;26-10-16;FARIDA;974;
G-24;344;26-10-16;FARIDA;1150;
G-24;346;05-03-16;WALKER;980;
G-24;348;12-12-16;FARIDA;1140;
G-24;350;26-10-16;DILETTA_CREMA;980;
G-24;352;26-10-16;DILETTA_CREMA;1200;
G-24;354;26-10-16;DILETTA_CREMA;1150;
G-24;356;10-07-14;BOUZERON;950;
G-24;358;26-10-16;BIZET;976;
G-24;360;26-10-16;ZAFIRO;976;
G-24;362;26-10-16;ZAFIRO;976;
G-24;364;04-11-16;BIZET;944;
G-24;368;22-01-16;GRANSOLE;1170;
G-24;370;04-11-16;ZAFIRO;1040;
G-24;372;04-11-16;ZAFIRO;1150;
G-24;374;11-11-16;CAPRICHO;1086;
G-24;376;24-09-16;GRANSOLE;1098;
G-24;378;22-01-16;GRANSOLE;1098;
G-24;380;22-01-16;GRANSOLE;1134;
G-24;382;11-11-16;CAPRICHO;1140;
G-24;384;17-05-16;WALKER;1176;
G-24;386;17-05-16;WALKER;1176;
G-24;388;06-04-16;DANIKO;1122;
G-24;390;13-05-15;GRANSOLE;1170;
G-24;392;16-03-16;GRANSOLE;1122;
G-24;394;16-03-16;GRANSOLE;1122;
G-24;396;16-03-16;GRANSOLE;1014;
G-24;398;13-05-15;GRANSOLE;1140;
G-24;400;13-05-15;GRANSOLE;1140;
G-24;406;09-10-15;WALKER;1146;
G-27;1;05-11-16;LEGE_MARRONE;1140;
G-27;3;11-08-16;DONCEL;1176;
G-27;5;21-07-16;MOONLIGHT;1176;
G-27;7;21-07-16;MOONLIGHT;1176;
G-27;9;21-07-16;MOONLIGHT;1176;
G-27;11;21-07-16;MOONLIGHT;1176;
G-27;19;05-11-16;LEGE_MARRONE;1140;
G-27;21;05-11-16;FUENTE;1140;
G-27;23;05-12-16;TANGELO;1146;
G-27;25;22-03-17;ORANGE_FLAME;1128;
G-27;27;22-03-17;ORANGE_FLAME;1128;
G-27;29;22-07-15;DONCEL;1122;
G-27;31;15-07-15;MADELON;1080;
G-27;33;21-07-16;MOONLIGHT;1086;
G-27;35;21-07-16;MOONLIGHT;1086;
G-27;37;14-10-16;ILUSION;920;
G-27;39;14-10-16;ILUSION;920;
G-27;41;14-10-16;ILUSION;920;
G-27;43;21-07-16;MOONLIGHT;980;
G-27;45;05-11-16;ALI_BABA;980;
G-27;47;29-01-16;DONCEL;1206;
G-27;49;29-01-16;DONCEL;1782;
G-27;51;22-10-16;LEGE_MARRONE;1152;
G-27;53;11-08-16;DONCEL;1152;
G-27;55;14-10-16;ILUSION;1182;
G-27;57;27-05-15;IKEBANA;1152;
G-27;59;14-10-16;ILUSION;1152;
G-27;61;14-10-16;ILUSION;1150;
G-27;63;24-12-16;CAROLINE_GOLD;1152;
G-27;65;20-02-15;DONCEL;1000;
G-27;73;22-03-17;IKEBANA;1150;
G-27;75;22-03-17;IKEBANA;1092;
G-27;77;11-08-16;DONCEL;976;
G-27;79;05-02-16;IKEBANA;956;
G-27;81;05-02-16;IKEBANA;956;
G-27;83;05-02-16;IKEBANA;1252;
G-27;85;24-02-16;DONCEL;1158;
G-27;87;24-02-16;DONCEL;1158;
G-27;89;26-12-15;DONCEL;1140;
G-27;91;22-03-17;IKEBANA;1128;
G-27;93;25-09-15;CAROLINE_GOLD;1122;
G-27;95;13-10-15;DONCEL;1134;
G-27;99;21-07-16;MOONLIGHT;944;
G-27;101;21-07-16;MOONLIGHT;944;
G-27;103;20-10-16;ANTIGUA;1150;
G-27;105;21-07-16;MOONLIGHT;944;
G-27;107;22-03-17;IKEBANA;984;
G-27;109;20-10-16;AMOROSA;984;
G-27;111;22-03-17;IKEBANA;984;
G-27;115;22-03-17;IKEBANA;1086;
G-27;121;19-12-16;MOONLIGHT;1098;
G-27;123;16-11-16;GOLEM;1152;
G-27;125;21-03-17;FARIDA;920;
G-27;129;11-08-16;DONCEL;1158;
G-27;131;24-02-16;DONCEL;1146;
G-27;133;06-05-16;CAROLINE_GOLD;1170;
G-27;135;06-05-16;CAROLINE_GOLD;1170;
G-27;137;11-08-16;DONCEL;976;
G-27;139;11-08-16;DONCEL;976;
G-27;143;11-08-16;DONCEL;1140;
G-27;145;11-08-16;DONCEL;1140;
G-27;147;11-08-16;DONCEL;1140;
G-27;149;10-10-15;MADELON;1140;
G-27;151;11-08-16;DONCEL;1140;
G-27;153;15-07-16;GOLEM;1140;
G-27;155;15-07-16;GOLEM;920;
G-27;157;15-07-16;GOLEM;920;
G-27;159;14-10-16;CAROCHE;980;
G-27;161;24-12-16;CAROLINE_GOLD;908;
G-27;163;24-12-16;DONCEL;908;
G-27;165;19-04-16;CAROLINE_GOLD;908;
G-27;167;29-01-16;DONCEL;1150;
G-27;169;05-11-16;ALI_BABA;940;
G-27;171;05-11-16;ILUSION;1182;
G-27;173;11-11-16;ILUSION;1122;
G-27;175;11-11-16;ILUSION;1122;
G-27;177;11-11-16;ILUSION;1122;
G-27;179;11-11-16;ILUSION;920;
G-27;183;29-01-16;DONCEL;944;
G-27;185;11-11-16;VORAGINE;972;
G-27;187;11-11-16;VORAGINE;972;
G-27;189;11-08-16;DONCEL;972;
G-27;191;19-04-16;CAROLINE_GOLD;952;
G-27;193;11-11-16;VORAGINE;972;
G-27;195;15-07-16;ZURIGO;1152;
G-27;197;15-07-16;ZURIGO;1134;
G-27;199;15-07-16;ZURIGO;1134;
G-27;201;14-10-16;NOVIA;1194;
G-27;203;14-10-16;NOVIA;1194;
G-27;207;11-08-16;DONCEL;980;
G-27;211;07-10-16;IKEBANA;940;
G-27;213;07-10-16;IKEBANA;940;
G-27;215;15-02-17;FUENTE;940;
G-27;217;15-02-17;FUENTE;940;
G-27;219;24-12-16;DONCEL;940;
G-27;221;24-12-16;DONCEL;940;
G-27;223;11-08-16;DONCEL;948;
G-27;225;11-08-16;DONCEL;1140;
G-27;227;11-08-16;DONCEL;988;
G-27;229;07-10-16;IKEBANA;984;
G-27;231;29-01-16;DONCEL;984;
G-27;233;11-08-16;DONCEL;980;
G-27;235;21-03-17;FARIDA;968;
G-27;237;15-07-15;IKEBANA;944;
G-27;239;11-08-16;DONCEL;980;
G-27;241;21-03-17;FARIDA;968;
G-27;243;21-03-17;FARIDA;968;
G-27;245;21-03-17;FARIDA;968;
G-27;247;19-08-16;IKEBANA;1164;
G-27;249;19-08-16;IKEBANA;1164;
G-27;251;28-09-16;ILUSION;1164;
G-27;253;24-12-16;DONCEL;1140;
G-27;255;24-12-16;DONCEL;1140;
G-27;257;11-12-16;TRUENO;1140;
G-27;259;11-12-16;TRUENO;1140;
G-27;263;10-02-17;VELVET;924;
G-27;265;10-02-17;VELVET;1150;
G-27;267;10-02-17;VELVET;1150;
G-27;269;19-08-16;MOONLIGHT;968;
G-27;271;19-08-16;MOONLIGHT;968;
G-27;273;15-07-15;IKEBANA;968;
G-27;275;15-07-15;IKEBANA;968;
G-27;277;15-07-15;IKEBANA;968;
G-27;279;31-03-17;MOONLIGHT;1150;
G-27;281;31-03-17;MOONLIGHT;1122;
G-27;283;31-03-17;MOONLIGHT;1116;
G-27;285;31-03-17;MOONLIGHT;1116;
G-27;287;19-08-16;CAROLINE_GOLD;1182;
G-27;289;19-08-16;CAROLINE_GOLD;1150;
G-27;291;15-07-15;IKEBANA;1134;
G-27;295;15-07-15;IKEBANA;1092;
G-27;297;20-11-15;CAROLINE_GOLD;908;
G-27;299;20-11-15;CAROLINE_GOLD;908;
G-27;301;23-10-15;DONCEL;1092;
G-27;303;23-10-15;DONCEL;1092;
G-27;305;31-03-17;MOONLIGHT;1056;
G-27;307;18-11-16;FUENTE;1104;
G-27;311;28-09-16;ILUSION;1146;
G-27;313;18-11-16;FUENTE;1182;
G-27;315;18-11-16;FUENTE;1182;
G-27;317;26-12-15;DONCEL;1122;
G-27;319;23-01-17;FARIETA;1146;
G-27;321;23-01-17;FARIETA;1146;
G-27;323;23-01-17;FARIETA;1146;
G-27;325;03-09-16;ILUSION;980;
G-27;327;18-11-16;VORAGINE;928;
G-27;329;18-11-16;VORAGINE;928;
G-27;331;18-11-16;VORAGINE;960;
G-27;333;18-11-16;VORAGINE;948;
G-27;335;03-09-16;ILUSION;976;
G-27;337;18-11-16;VORAGINE;924;
G-27;339;18-11-16;DONCEL;924;
G-27;341;18-11-16;DONCEL;924;
G-27;343;07-01-17;GOLEM;1150;
G-27;345;07-01-17;GOLEM;924;
G-27;347;07-01-17;GOLEM;924;
G-27;349;03-09-16;MOONLIGHT;924;
G-27;351;03-09-16;MOONLIGHT;968;
G-27;353;19-11-16;DONCEL;964;
G-27;355;19-11-16;DONCEL;964;
G-27;357;19-11-16;DONCEL;964;
G-27;359;03-09-16;MOONLIGHT;976;
G-27;361;03-09-16;MOONLIGHT;976;
G-27;363;03-09-16;MOONLIGHT;976;
G-27;367;09-04-16;CAROLINE_GOLD;1140;
G-27;369;09-04-16;CAROLINE_GOLD;1140;
G-27;371;09-04-16;SOLEX;1140;
G-27;373;19-08-16;IKEBANA;1072;
G-27;375;19-08-16;IKEBANA;1140;
G-27;377;19-11-16;DONCEL;1122;
G-27;379;19-11-16;DONCEL;1074;
G-27;381;07-03-16;CAROLINE_GOLD;1086;
G-27;383;07-03-16;CAROLINE_GOLD;1086;
G-27;387;23-01-17;FARIETA;1146;
G-27;391;02-09-16;DONCEL;1098;
G-27;393;19-11-16;DONCEL;976;
G-27;395;15-07-16;ZAFIRO;992;
G-27;397;15-07-16;ZAFIRO;992;
G-27;399;02-09-16;DONCEL;992;
G-27;401;02-09-16;DONCEL;992;
G-27;403;15-07-16;ZAFIRO;992;
G-27;405;02-09-16;DONCEL;1170;
G-27;407;15-07-15;GOLEM;1092;
G-27;411;02-09-16;DONCEL;1152;
G-27;419;15-07-16;RANDAL;1176;
G-27;421;15-07-16;RANDAL;1128;
G-27;423;15-07-16;RANDAL;1128;
G-27;425;15-07-16;RANDAL;1128;
G-27;427;02-09-16;DONCEL;1128;
G-27;431;19-11-16;DONCEL;908;
G-27;433;19-11-16;DONCEL;920;
G-27;435;13-06-16;KOMACHI;980;
G-27;437;11-01-17;ORANGE_FLAME;976;
G-27;439;11-01-17;ORANGE_FLAME;976;
G-27;441;30-03-16;DONCEL;964;
G-27;445;15-01-16;DONCEL;964;
G-27;2;24-12-16;CAROLINE_GOLD;1140;
G-27;4;16-12-15;CAROLINE_GOLD;1158;
G-27;6;16-12-15;CAROLINE_GOLD;1158;
G-27;8;02-12-16;CAROLINE_GOLD;1160;
G-27;10;02-12-16;LIGHT_STAR;1160;
G-27;12;02-12-16;LIGHT_STAR;1160;
G-27;16;22-03-17;TRUENO;1134;
G-27;18;22-03-17;TRUENO;1134;
G-27;20;22-03-17;TRUENO;1134;
G-27;22;05-12-16;TANGELO;1164;
G-27;24;05-12-16;TANGELO;1164;
G-27;26;12-08-14;ILUSION;1134;
G-27;30;27-10-16;IKEBANA;1164;
G-27;34;11-08-16;CAROLINE_GOLD;1164;
G-27;36;11-08-16;CAROLINE_GOLD;1164;
G-27;38;19-12-16;MOONLIGHT;1134;
G-27;40;29-01-16;DONCEL;1146;
G-27;42;19-12-15;CAROLINE_GOLD;1140;
G-27;44;19-12-16;MOONLIGHT;960;
G-27;46;16-12-16;IKEBANA;1150;
G-27;48;19-12-15;DONCEL;960;
G-27;50;29-01-16;DONCEL;960;
G-27;52;19-12-15;DONCEL;960;
G-27;54;21-07-16;MOONLIGHT;1170;
G-27;56;21-07-16;MOONLIGHT;1170;
G-27;60;14-05-16;CAROLINE_GOLD;1170;
G-27;62;16-12-16;IKEBANA;1160;
G-27;64;16-12-16;IKEBANA;1160;
G-27;66;27-05-15;IKEBANA;1218;
G-27;68;14-10-16;LIGHT_STAR;920;
G-27;70;22-07-15;DONCEL;972;
G-27;74;14-10-16;LIGHT_STAR;976;
G-27;76;11-08-16;DONCEL;976;
G-27;78;11-08-16;DONCEL;976;
G-27;80;14-05-16;CAROLINE_GOLD;948;
G-27;82;21-07-16;MOONLIGHT;980;
G-27;84;21-07-16;MOONLIGHT;980;
G-27;86;19-04-16;CAROLINE_GOLD;980;
G-27;88;27-05-15;IKEBANA;988;
G-27;90;21-07-16;MOONLIGHT;1000;
G-27;92;21-07-16;MOONLIGHT;1000;
G-27;94;06-05-16;CAROLINE_GOLD;1140;
G-27;96;06-05-16;CAROLINE_GOLD;1140;
G-27;98;06-05-16;CAROLINE_GOLD;1140;
G-27;100;19-12-16;MOONLIGHT;976;
G-27;102;29-08-15;DONCEL;988;
G-27;104;26-09-15;CAROLINE_GOLD;980;
G-27;106;27-05-15;IKEBANA;1000;
G-27;108;27-05-15;IKEBANA;1000;
G-27;110;20-10-16;LIGHT_STAR;1150;
G-27;112;11-08-16;DONCEL;980;
G-27;114;13-06-16;DONCEL;1140;
G-27;116;13-06-16;DONCEL;1140;
G-27;118;21-07-16;MOONLIGHT;1140;
G-27;120;21-07-16;MOONLIGHT;1140;
G-27;122;21-07-16;MOONLIGHT;1140;
G-27;124;16-12-16;MOONLIGHT;1120;
G-27;126;16-07-14;AMBROSE;1276;
G-27;128;29-08-15;DONCEL;1134;
G-27;130;14-10-16;LIGHT_STAR;1188;
G-27;132;14-10-16;ALI_BABA;1188;
G-27;134;11-08-16;DONCEL;980;
G-27;136;15-07-16;CAROLINE_GOLD;1164;
G-27;142;19-12-16;MOONLIGHT;980;
G-27;144;11-08-16;DONCEL;980;
G-27;146;11-08-16;DONCEL;980;
G-27;148;11-08-16;DONCEL;980;
G-27;150;19-12-16;MOONLIGHT;972;
G-27;152;11-08-16;DONCEL;972;
G-27;156;16-07-14;ZAPOTE;1146;
G-27;158;29-01-16;DONCEL;1128;
G-27;160;15-07-16;ZURIGO;1128;
G-27;162;15-07-16;ZURIGO;1128;
G-27;164;15-07-16;GOLEM;1152;
G-27;170;24-12-16;DONCEL;976;
G-27;172;24-02-16;DONCEL;1128;
G-27;174;24-02-16;DONCEL;1128;
G-27;176;14-10-16;ALI_BABA;1200;
G-27;178;14-10-16;CAROCHE;1200;
G-27;180;14-10-16;CAROCHE;1200;
G-27;182;14-10-16;CAROCHE;1200;
G-27;184;24-10-15;CAROLINE_GOLD;940;
G-27;186;24-10-15;CAROLINE_GOLD;1122;
G-27;188;24-10-15;CAROLINE_GOLD;1122;
G-27;192;13-10-15;DONCEL;1122;
G-27;194;18-03-17;NEON;1140;
G-27;196;11-11-16;VORAGINE;972;
G-27;198;13-10-15;DONCEL;964;
G-27;200;15-07-16;ZURIGO;964;
G-27;202;07-10-16;IKEBANA;976;
G-27;204;18-11-16;GOLEM;1122;
G-27;206;29-01-16;DONCEL;984;
G-27;208;11-08-16;DONCEL;976;
G-27;210;24-12-16;DONCEL;976;
G-27;212;07-10-16;CAROLINE_GOLD;1140;
G-27;214;07-10-16;IKEBANA;980;
G-27;216;13-10-15;DONCEL;972;
G-27;218;07-10-16;IKEBANA;988;
G-27;220;18-03-17;NEON;952;
G-27;222;24-02-17;VELVET;1150;
G-27;224;24-12-16;DONCEL;1000;
G-27;226;07-01-17;LIGHT_STAR;964;
G-27;228;18-11-16;FUENTE;976;
G-27;230;02-12-16;GOLEM;988;
G-27;232;02-12-16;GOLEM;988;
G-27;234;13-06-16;CAROLINE_GOLD;972;
G-27;236;21-03-17;FARIDA;1128;
G-27;238;21-03-17;FARIDA;1128;
G-27;240;19-08-16;IKEBANA;960;
G-27;242;19-08-16;IKEBANA;1164;
G-27;244;19-08-16;IKEBANA;1164;
G-27;246;28-09-16;ILUSION;1146;
G-27;248;28-09-16;ILUSION;1146;
G-27;250;28-09-16;ILUSION;1146;
G-27;252;19-08-16;IKEBANA;948;
G-27;254;19-04-16;CAROLINE_GOLD;1200;
G-27;256;18-11-16;FUENTE;944;
G-27;258;19-04-16;CAROLINE_GOLD;960;
G-27;260;10-02-17;VELVET;1140;
G-27;262;09-02-17;CAROLINE_GOLD;1140;
G-27;266;18-11-16;FUENTE;944;
G-27;268;15-07-15;IKEBANA;964;
G-27;272;19-08-16;MOONLIGHT;968;
G-27;274;19-08-16;IKEBANA;968;
G-27;276;15-07-15;IKEBANA;968;
G-27;278;15-07-15;IKEBANA;952;
G-27;280;15-07-15;IKEBANA;952;
G-27;282;14-07-15;ZAPOTE;980;
G-27;284;14-07-15;ZAPOTE;986;
G-27;286;14-07-15;ZAPOTE;996;
G-27;290;07-10-16;LIGHT_STAR;996;
G-27;292;07-10-16;LIGHT_STAR;996;
G-27;296;18-11-16;FUENTE;952;
G-27;300;03-09-16;ILUSION;968;
G-27;302;03-09-16;ILUSION;968;
G-27;304;01-04-17;MOONLIGHT;952;
G-27;306;13-10-15;DONCEL;952;
G-27;308;01-04-17;MOONLIGHT;1140;
G-27;310;01-04-17;EXTASIS;1104;
G-27;312;18-11-16;FUENTE;1140;
G-27;314;23-01-17;FARIETA;1140;
G-27;316;18-11-16;FUENTE;1152;
G-27;318;18-11-16;LIGHT_STAR;1152;
G-27;320;18-11-16;LIGHT_STAR;1152;
G-27;322;18-03-14;KOMACHI;960;
G-27;324;03-09-16;MOONLIGHT;1140;
G-27;326;03-09-16;MOONLIGHT;1140;
G-27;328;18-11-16;LIGHT_STAR;1152;
G-27;330;18-11-16;LIGHT_STAR;1152;
G-27;334;03-09-16;ILUSION;980;
G-27;336;18-11-16;LIGHT_STAR;980;
G-27;338;18-11-16;DONCEL;956;
G-27;340;07-01-17;TANGELO;1150;
G-27;342;19-11-16;DONCEL;944;
G-27;344;19-11-16;DONCEL;944;
G-27;346;19-11-16;DONCEL;964;
G-27;348;19-11-16;DONCEL;964;
G-27;350;19-11-16;DONCEL;964;
G-27;352;07-01-17;LIGHT_STAR;1024;
G-27;354;03-09-16;MOONLIGHT;976;
G-27;356;07-01-17;TANGELO;1116;
G-27;358;07-01-17;TANGELO;956;
G-27;360;19-11-16;DONCEL;940;
G-27;362;04-02-16;IKEBANA;1122;
G-27;364;03-09-16;MOONLIGHT;1164;
G-27;366;19-11-16;GOLEM;1152;
G-27;370;09-02-17;CAROLINE_GOLD;1140;
G-27;372;09-02-17;CAROLINE_GOLD;1140;
G-27;374;19-11-16;DONCEL;1146;
G-27;376;19-11-16;DONCEL;1146;
G-27;378;19-11-16;DONCEL;1146;
G-27;382;30-07-16;SUMATRA;1122;
G-27;384;30-07-16;SUMATRA;1122;
G-27;386;30-07-16;SUMATRA;940;
G-27;390;02-09-16;DONCEL;1146;
G-27;394;19-11-16;DONCEL;1116;
G-27;396;30-07-16;SUMATRA;948;
G-27;398;02-09-16;DONCEL;1140;
G-27;400;02-09-16;DONCEL;1140;
G-27;402;23-01-17;FARIETA;1140;
G-27;404;11-01-17;TRUENO;1140;
G-27;406;02-09-16;DONCEL;958;
G-27;408;02-09-16;DONCEL;1152;
G-27;414;30-03-16;DONCEL;940;
G-27;416;30-03-16;DONCEL;940;
G-27;418;30-03-16;DONCEL;1122;
G-27;420;15-07-16;RANDAL;960;
G-27;422;02-09-16;DONCEL;1140;
G-27;424;09-04-16;SOLEX;1140;
G-27;426;09-04-16;SOLEX;1140;
G-27;428;24-06-16;KOMACHI;1140;
G-27;430;24-06-16;KOMACHI;1140;
G-27;432;19-11-16;DONCEL;1128;
G-27;434;05-01-15;ZAPOTE;1140;
G-27;436;09-04-16;SOLEX;1140;
G-27;438;09-04-16;SOLEX;1140;
G-27;440;10-06-16;DONCEL;1164;
G-27;442;10-06-16;KOMACHI;1164;
G-28;1;14-07-16;IKEBANA;1140;
G-28;3;14-07-16;IKEBANA;1140;
G-28;5;24-06-16;FUENTE;1140;
G-28;7;10-09-16;CAPRICHO;1152;
G-28;11;19-10-15;VORAGINE;1164;
G-28;15;10-09-16;CAPRICHO;1152;
G-28;17;13-08-16;TANGELO;1146;
G-28;21;01-06-16;VORAGINE;1152;
G-28;23;24-06-16;FUENTE;1152;
G-28;25;01-06-16;VORAGINE;1164;
G-28;31;01-06-16;VORAGINE;1092;
G-28;33;06-01-16;TANGELO;1074;
G-28;37;01-06-16;VORAGINE;1104;
G-28;39;24-06-16;FUENTE;1150;
G-28;41;10-09-16;CAPRICHO;1174;
G-28;45;06-05-16;CAROLINE;1122;
G-28;47;30-03-16;NEON;1122;
G-28;49;24-02-16;LIGHT_STAR;1122;
G-28;51;10-09-16;IKEBANA;1170;
G-28;55;21-01-16;VORAGINE;1170;
G-28;57;21-01-16;VORAGINE;1170;
G-28;59;23-10-15;DONCEL;1176;
G-28;61;23-10-15;DONCEL;1176;
G-28;63;23-10-15;DONCEL;1176;
G-28;67;24-02-16;LIGHT_STAR;1162;
G-28;69;06-01-16;TANGELO;1074;
G-28;73;30-03-16;NEON;1110;
G-28;75;14-07-16;IKEBANA;1116;
G-28;77;24-02-16;VORAGINE;1116;
G-28;79;10-09-16;IKEBANA;1122;
G-28;81;24-02-16;CAROLINE;1146;
G-28;87;10-09-16;FAITH;1104;
G-28;89;10-09-16;FAITH;1104;
G-28;91;10-09-16;FAITH;1104;
G-28;93;10-09-16;FAITH;1104;
G-28;95;10-09-16;FAITH;1104;
G-28;99;23-07-15;VORAGINE;1122;
G-28;101;24-09-16;FUENTE;1146;
G-28;103;24-09-16;FUENTE;1146;
G-28;105;23-10-15;DONCEL;1194;
G-28;107;24-02-16;VORAGINE;1146;
G-28;109;14-07-16;IKEBANA;1170;
G-28;115;14-07-16;IKEBANA;1170;
G-28;117;22-04-16;LIGHT_STAR;1170;
G-28;119;14-07-16;IKEBANA;1170;
G-28;121;14-07-16;IKEBANA;1170;
G-28;123;05-03-16;SOLEX;1176;
G-28;125;09-07-16;SOLEX;1164;
G-28;135;19-10-15;VORAGINE;1152;
G-28;137;14-07-16;IKEBANA;1170;
G-28;139;14-07-16;IKEBANA;1170;
G-28;147;22-04-16;LIGHT_STAR;1068;
G-28;149;23-10-15;DONCEL;1074;
G-28;157;14-07-16;IKEBANA;1170;
G-28;159;08-04-16;LIGHT_STAR;1170;
G-28;161;14-07-16;IKEBANA;1170;
G-28;163;14-07-16;IKEBANA;1170;
G-28;165;11-02-16;VORAGINE;1122;
G-28;167;11-02-16;VORAGINE;1164;
G-28;171;14-07-16;IKEBANA;1150;
G-28;175;27-08-16;TANGELO;980;
G-28;177;27-08-16;LIGHT_STAR;980;
G-28;179;02-05-15;SOLEX;980;
G-28;181;12-02-16;LIGHT_STAR;1164;
G-28;185;12-02-16;LIGHT_STAR;1152;
G-28;187;12-02-16;LIGHT_STAR;1140;
G-28;189;12-02-16;LIGHT_STAR;1188;
G-28;191;06-05-16;CAROLINE;1176;
G-28;213;22-04-16;GOBI;1146;
G-28;217;22-04-16;LIGHT_STAR;1146;
G-28;219;25-11-15;NEON;1110;
G-28;221;22-04-16;GOBI;1122;
G-28;223;08-04-16;LIGHT_STAR;1122;
G-28;243;25-08-15;MIZUKI;1160;
G-28;255;08-04-16;MEGAN;1128;
G-28;257;08-04-16;MEGAN;1128;
G-28;259;29-07-16;FAITH;1116;
G-28;261;15-01-16;LIGHT_STAR;1116;
G-28;263;15-01-16;LIGHT_STAR;1116;
G-28;265;23-07-16;CAPRICHO;1140;
G-28;267;23-07-16;CAPRICHO;1140;
G-28;269;23-07-16;CAPRICHO;1098;
G-28;273;27-10-15;DONCEL;972;
G-28;275;29-07-16;FAITH;980;
G-28;277;29-07-16;FAITH;980;
G-28;279;29-07-16;FAITH;980;
G-28;311;29-07-16;CAROCHE;1128;
G-28;313;29-07-16;CAROCHE;1128;
G-28;315;06-05-16;CAROLINE;1128;
G-28;317;15-01-16;FUENTE;1080;
G-28;319;23-03-16;LIGHT_STAR;1122;
G-28;341;23-03-16;LIGHT_STAR;1098;
G-28;343;23-03-16;LIGHT_STAR;1098;
G-28;345;15-01-16;LIGHT_STAR;1086;
G-28;347;15-01-16;LIGHT_STAR;1086;
G-28;351;06-10-15;FUENTE;1170;
G-28;355;02-01-16;LIGHT_STAR;1122;
G-28;365;19-10-15;VORAGINE;1122;
G-28;389;20-08-16;LIGHT_STAR;1112;
G-28;391;20-08-16;LIGHT_STAR;1112;
G-28;393;20-08-16;FUENTE;1134;
G-28;395;20-08-16;FUENTE;1134;
G-28;403;20-08-16;FUENTE;1140;
G-28;411;20-08-16;FUENTE;1140;
G-28;415;20-08-16;FUENTE;1140;
G-28;417;20-08-16;FUENTE;1140;
G-28;419;13-06-14;FUENTE;1146;
G-28;423;20-08-16;FUENTE;1092;
G-28;431;14-05-16;FUENTE;924;
G-28;433;27-10-15;FUENTE;936;
G-28;2;22-04-16;LIGHT_STAR;1146;
G-28;4;14-07-16;IKEBANA;1140;
G-28;6;23-10-15;DONCEL;1176;
G-28;8;22-04-16;LIGHT_STAR;1146;
G-28;10;23-07-16;LIGHT_STAR;1146;
G-28;12;22-04-16;LIGHT_STAR;1146;
G-28;16;22-04-16;LIGHT_STAR;976;
G-28;18;06-01-16;TANGELO;976;
G-28;20;24-06-16;FUENTE;976;
G-28;22;24-06-16;FUENTE;976;
G-28;24;13-08-16;TANGELO;976;
G-28;26;13-08-16;SOLEX;964;
G-28;34;25-08-15;MIZUKI;1158;
G-28;36;18-09-15;NEON;1158;
G-28;38;06-05-16;CAROLINE;1170;
G-28;42;13-08-16;SOLEX;1170;
G-28;44;25-08-15;MIZUKI;1158;
G-28;46;18-09-15;NEON;1158;
G-28;50;23-07-16;LIGHT_STAR;1152;
G-28;52;10-09-16;IKEBANA;1164;
G-28;54;10-09-16;IKEBANA;1164;
G-28;58;10-09-16;IKEBANA;1164;
G-28;60;10-09-16;IKEBANA;1164;
G-28;64;10-09-16;VORAGINE;1188;
G-28;66;10-09-16;VORAGINE;1188;
G-28;68;24-06-16;FUENTE;1188;
G-28;72;24-02-16;LIGHT_STAR;1122;
G-28;76;06-01-16;TANGELO;978;
G-28;78;10-09-16;IKEBANA;978;
G-28;88;24-02-16;VORAGINE;964;
G-28;90;24-02-16;VORAGINE;964;
G-28;92;10-09-16;IKEBANA;964;
G-28;94;10-09-16;IKEBANA;964;
G-28;100;10-09-16;IKEBANA;1140;
G-28;102;10-09-16;IKEBANA;1150;
G-28;104;24-02-16;CAROLINE;1146;
G-28;106;24-09-16;FUENTE;1140;
G-28;112;05-03-16;SOLEX;1170;
G-28;120;24-09-16;FUENTE;1146;
G-28;122;09-07-16;SOLEX;1116;
G-28;124;22-04-16;LIGHT_STAR;1116;
G-28;128;22-04-16;LIGHT_STAR;1116;
G-28;130;24-09-16;NEON;1140;
G-28;132;24-09-16;NEON;1150;
G-28;134;09-07-16;SOLEX;1116;
G-28;136;09-07-16;SOLEX;1116;
G-28;144;23-10-15;DONCEL;1128;
G-28;146;23-10-15;DONCEL;1128;
G-28;148;23-10-15;DONCEL;1128;
G-28;166;05-03-16;NEON;960;
G-28;172;02-09-15;VORAGINE;988;
G-28;174;02-09-15;VORAGINE;988;
G-28;178;14-07-16;LIGHT_STAR;968;
G-28;180;22-04-16;LIGHT_STAR;968;
G-28;186;14-07-16;TANGELO;1164;
G-28;188;14-07-16;TANGELO;1164;
G-28;190;30-03-16;TANGELO;1164;
G-28;194;05-03-16;GOBI;1146;
G-28;196;05-03-16;GOBI;1146;
G-28;198;30-03-16;TANGELO;1128;
G-28;202;05-03-16;GOBI;1122;
G-28;212;08-04-16;LIGHT_STAR;1170;
G-28;216;17-03-16;GOBI;1116;
G-28;218;05-03-16;TANGELO;1122;
G-28;220;05-03-16;TANGELO;1122;
G-28;222;05-03-16;TANGELO;1122;
G-28;230;02-05-14;NEON;916;
G-28;234;08-04-16;LIGHT_STAR;1158;
G-28;240;24-06-16;FUENTE;1150;
G-28;244;22-04-16;GOBI;1128;
G-28;248;14-07-16;LIGHT_STAR;1128;
G-28;250;29-07-16;FAITH;1128;
G-28;254;06-05-16;TANGELO;1122;
G-28;256;06-05-16;CAROLINE;1122;
G-28;260;27-10-15;DONCEL;1128;
G-28;262;27-10-15;DONCEL;1128;
G-28;268;27-10-15;DONCEL;1122;
G-28;270;20-11-15;VORAGINE;1140;
G-28;272;20-11-15;VORAGINE;1140;
G-28;274;20-11-15;VORAGINE;1140;
G-28;276;15-01-16;VORAGINE;1128;
G-28;278;15-01-16;VORAGINE;1128;
G-28;286;30-09-14;VORAGINE;984;
G-28;292;14-07-16;LIGHT_STAR;1000;
G-28;304;23-07-15;VORAGINE;1186;
G-28;316;23-07-15;VORAGINE;1152;
G-28;318;13-06-14;FUENTE;1152;
G-28;328;29-07-16;CAROCHE;1140;
G-28;330;29-07-16;CAROCHE;1140;
G-28;346;30-12-14;NEON;984;
G-28;348;23-03-16;LIGHT_STAR;984;
G-28;366;23-03-16;LIGHT_STAR;1128;
G-28;392;02-09-15;SOLEX;960;
G-28;396;27-10-15;DONCEL;972;
G-28;398;27-10-15;DONCEL;972;
G-28;400;27-10-15;DONCEL;972;
G-28;402;27-10-15;DONCEL;976;
G-28;408;24-09-16;FUENTE;1150;
G-28;414;19-08-16;FUENTE;976;
G-28;418;14-05-16;FUENTE;968;
G-28;420;14-05-16;FUENTE;968;
G-28;422;14-05-16;FUENTE;1170;
G-28;424;27-10-15;DONCEL;1122;
G-28;426;20-08-16;FUENTE;1140;
G-28;436;14-05-16;FUENTE;1170;
G-28;438;14-05-16;FUENTE;988;
G-30;1;16-01-16;GOLEM;968;
G-30;3;21-05-16;ZURIGO;960;
G-30;5;21-04-16;ZAFIRO;960;
G-30;7;01-04-17;VELVET;964;
G-30;9;02-06-16;MOONLIGHT;968;
G-30;11;10-10-15;ZAFIRO;968;
G-30;13;10-10-15;ZAFIRO;968;
G-30;15;21-10-16;MOONLIGHT;940;
G-30;17;03-02-17;DONCEL;968;
G-30;19;21-10-16;MOONLIGHT;944;
G-30;21;03-10-15;GOLEM;960;
G-30;23;02-01-16;ZAFIRO;976;
G-30;25;17-12-15;GOLEM;976;
G-30;27;17-12-15;GOLEM;976;
G-30;29;26-01-17;ILUSION;968;
G-30;31;26-01-17;ILUSION;968;
G-30;33;27-10-16;FAITH;968;
G-30;35;02-01-16;ZAFIRO;968;
G-30;37;21-05-16;RANDAL;980;
G-30;39;28-09-16;GOLEM;980;
G-30;41;21-05-16;RANDAL;1152;
G-30;43;21-05-16;RANDAL;1072;
G-30;45;21-05-16;RANDAL;1072;
G-30;47;21-04-16;RANDAL;1092;
G-30;49;21-04-16;RANDAL;1092;
G-30;51;21-04-16;RANDAL;1092;
G-30;53;21-04-16;RANDAL;1092;
G-30;55;11-09-14;GOLEM;948;
G-30;57;21-05-16;RANDAL;940;
G-30;59;21-05-16;RANDAL;940;
G-30;61;03-02-17;EXTASIS;944;
G-30;63;17-10-15;ZAFIRO;960;
G-30;65;01-04-17;VELVET;1004;
G-30;67;27-10-16;FAITH;952;
G-30;69;26-05-16;GOLEM;1176;
G-30;71;13-08-16;KOMACHI;968;
G-30;73;13-08-16;KOMACHI;968;
G-30;75;24-02-17;ORANGE_FLAME;936;
G-30;77;24-02-17;ORANGE_FLAME;936;
G-30;79;24-02-17;TRUENO;936;
G-30;81;07-01-16;MOONLIGHT;992;
G-30;83;02-06-16;MOONLIGHT;1164;
G-30;85;13-08-16;ZAFIRO;972;
G-30;87;27-08-16;RANDAL;992;
G-30;89;13-08-16;ZAFIRO;992;
G-30;91;06-03-15;KOMACHI;984;
G-30;93;21-05-16;RANDAL;976;
G-30;95;21-05-16;RANDAL;976;
G-30;97;01-04-17;VELVET;980;
G-30;99;06-05-16;ANDINO;1122;
G-30;101;06-05-16;ANDINO;1122;
G-30;103;06-05-16;ANDINO;1122;
G-30;105;26-05-16;GOLEM;1122;
G-30;107;27-10-16;FAITH;972;
G-30;109;21-03-17;MOONLIGHT;920;
G-30;111;12-01-17;MOONLIGHT;952;
G-30;115;06-05-16;ZURIGO;1182;
G-30;117;16-09-16;ZAFIRO;1182;
G-30;119;16-09-16;ZAFIRO;1182;
G-30;121;16-09-16;ZAFIRO;1182;
G-30;123;27-10-16;FAITH;972;
G-30;125;08-07-15;CHELO;972;
G-30;127;08-07-15;CHELO;972;
G-30;129;12-01-17;MOONLIGHT;952;
G-30;131;12-01-17;MOONLIGHT;952;
G-30;133;26-05-16;GOLEM;1158;
G-30;135;03-03-17;NEW_YORK;1158;
G-30;137;17-12-15;CHELO;968;
G-30;139;21-03-17;MOONLIGHT;980;
G-30;141;21-03-17;MOONLIGHT;980;
G-30;143;21-03-17;MOONLIGHT;980;
G-30;145;11-03-17;VELVET;980;
G-30;147;03-03-17;VELVET;964;
G-30;149;03-10-15;GOLEM;1150;
G-30;151;16-09-16;ZURIGO;972;
G-30;153;03-03-17;EXTASIS;964;
G-30;155;03-03-17;VELVET;924;
G-30;157;03-03-17;VELVET;924;
G-30;159;03-03-17;VELVET;924;
G-30;161;27-08-16;RANDAL;940;
G-30;163;25-05-16;ZAFIRO;940;
G-30;165;25-05-16;ZAFIRO;940;
G-30;167;03-03-17;EXTASIS;924;
G-30;169;02-06-16;RANDAL;1146;
G-30;171;09-02-17;HAWAI;1140;
G-30;173;21-03-17;MOONLIGHT;1140;
G-30;175;26-05-16;GOLEM;980;
G-30;177;26-05-16;ZURIGO;980;
G-30;179;13-10-16;ARMONIA;992;
G-30;181;13-10-16;ARMONIA;992;
G-30;183;02-06-16;MOONLIGHT;980;
G-30;187;09-02-17;TINGUA;972;
G-30;189;04-02-16;KOMACHI;948;
G-30;191;27-08-16;RANDAL;980;
G-30;193;06-04-16;MOONLIGHT;972;
G-30;195;04-02-16;KOMACHI;968;
G-30;197;24-10-15;ARMONIA;972;
G-30;199;25-05-16;ZAFIRO;984;
G-30;201;25-05-16;ZAFIRO;984;
G-30;203;12-03-16;ZURIGO;972;
G-30;205;27-08-16;ARMONIA;984;
G-30;207;27-08-16;ARMONIA;984;
G-30;213;17-12-15;TENDERLY;1128;
G-30;215;25-05-16;ZAFIRO;1188;
G-30;217;25-05-16;ZAFIRO;1188;
G-30;219;12-03-16;ZURIGO;1092;
G-30;221;17-12-15;TENDERLY;1092;
G-30;225;06-03-16;ZAFIRO;980;
G-30;227;06-03-16;ZAFIRO;980;
G-30;229;06-03-16;ARMONIA;980;
G-30;231;06-05-16;ZAFIRO;1150;
G-30;235;17-12-15;CHELO;952;
G-30;237;27-08-16;RANDAL;988;
G-30;239;26-05-16;ZURIGO;988;
G-30;245;21-10-16;MOONLIGHT;988;
G-30;247;26-05-16;ZURIGO;988;
G-30;249;26-05-16;ZURIGO;988;
G-30;251;26-05-16;ZURIGO;1170;
G-30;253;17-12-15;ARMONIA;926;
G-30;255;06-03-16;ARMONIA;996;
G-30;257;06-04-16;MOONLIGHT;996;
G-30;259;06-04-16;MOONLIGHT;996;
G-30;261;21-10-16;MOONLIGHT;972;
G-30;263;07-01-16;MOONLIGHT;960;
G-30;265;02-06-16;MOONLIGHT;1012;
G-30;267;06-04-16;MOONLIGHT;1060;
G-30;269;25-05-16;ZAFIRO;1120;
G-30;271;26-05-16;ZURIGO;1120;
G-30;273;26-05-16;ZURIGO;1120;
G-30;275;21-05-16;ANDINO;1182;
G-30;277;21-05-16;ANDINO;1182;
G-30;279;13-08-14;KOMACHI;940;
G-30;283;30-04-15;GOLEM;982;
G-30;285;30-04-15;GOLEM;982;
G-30;287;27-08-16;ZURIGO;972;
G-30;289;27-08-16;ZURIGO;972;
G-30;291;27-08-16;ZURIGO;972;
G-30;293;27-08-16;ZURIGO;972;
G-30;2;16-01-16;GOLEM;962;
G-30;4;03-09-16;MOONLIGHT;972;
G-30;6;10-10-15;ZAFIRO;972;
G-30;8;03-09-16;MOONLIGHT;972;
G-30;10;21-04-16;ZAFIRO;940;
G-30;12;18-07-15;ARMONIA;952;
G-30;14;11-05-15;ZURIGO;1122;
G-30;16;21-05-16;ZURIGO;1176;
G-30;18;21-05-16;ZURIGO;972;
G-30;20;16-01-16;GOLEM;960;
G-30;22;03-02-17;DONCEL;952;
G-30;24;01-04-17;VELVET;960;
G-30;26;28-09-16;GOLEM;984;
G-30;28;29-08-15;ARMONIA;932;
G-30;30;26-01-17;ARMONIA;1324;
G-30;32;23-10-15;ARMONIA;972;
G-30;34;02-06-16;MOONLIGHT;976;
G-30;36;15-07-16;GOLEM;1200;
G-30;38;21-05-16;RANDAL;976;
G-30;40;03-02-17;EXTASIS;960;
G-30;42;03-09-16;MOONLIGHT;1182;
G-30;44;21-10-16;MOONLIGHT;944;
G-30;46;26-01-17;EXTASIS;944;
G-30;48;11-02-15;ARMONIA;944;
G-30;50;11-03-17;EXTASIS;952;
G-30;52;17-10-15;ZAFIRO;940;
G-30;54;21-04-16;RANDAL;976;
G-30;56;16-09-16;ZURIGO;968;
G-30;58;27-08-16;RANDAL;1182;
G-30;60;27-08-16;RANDAL;968;
G-30;62;21-04-16;ZAFIRO;960;
G-30;64;06-05-16;ZAFIRO;1150;
G-30;66;06-05-16;ZAFIRO;960;
G-30;68;26-05-16;GOLEM;960;
G-30;70;23-10-15;ARMONIA;940;
G-30;72;02-06-16;MOONLIGHT;980;
G-30;74;27-10-16;FAITH;964;
G-30;76;26-05-16;GOLEM;980;
G-30;78;24-02-17;ORANGE_FLAME;936;
G-30;80;01-04-17;VELVET;936;
G-30;82;27-10-16;FAITH;964;
G-30;84;13-08-16;ARMONIA;968;
G-30;86;07-01-16;MOONLIGHT;1122;
G-30;88;21-05-16;ZURIGO;1150;
G-30;90;06-05-16;ZURIGO;972;
G-30;92;07-01-16;MOONLIGHT;972;
G-30;94;24-02-17;TRUENO;936;
G-30;96;06-05-16;ANDINO;976;
G-30;98;06-05-16;ANDINO;1170;
G-30;100;21-04-16;RANDAL;1140;
G-30;102;06-04-16;MOONLIGHT;1140;
G-30;104;02-06-16;MOONLIGHT;980;
G-30;106;13-08-16;GOLEM;1064;
G-30;108;11-05-15;ZURIGO;964;
G-30;110;06-04-16;MOONLIGHT;960;
G-30;112;21-03-17;MOONLIGHT;956;
G-30;114;24-02-17;TRUENO;1140;
G-30;116;06-05-16;ZAFIRO;1164;
G-30;118;11-03-17;HAWAI;1200;
G-30;120;21-03-17;MOONLIGHT;1200;
G-30;124;11-05-15;ZURIGO;960;
G-30;126;21-03-17;MOONLIGHT;964;
G-30;128;11-05-15;ZURIGO;968;
G-30;130;27-10-16;ZAFIRO;972;
G-30;132;08-07-15;CHELO;988;
G-30;134;03-03-17;NEW_YORK;1122;
G-30;136;27-10-16;ARMONIA;1170;
G-30;138;24-03-15;ZAFIRO;980;
G-30;140;13-03-15;ZURIGO;976;
G-30;142;16-09-16;ZAFIRO;972;
G-30;144;16-09-16;ARMONIA;972;
G-30;146;12-01-17;MOONLIGHT;972;
G-30;148;09-02-17;TINGUA;972;
G-30;150;09-02-17;TINGUA;972;
G-30;152;18-02-17;EXTASIS;972;
G-30;154;27-08-16;RANDAL;980;
G-30;156;13-10-16;RANDAL;1140;
G-30;158;27-10-16;KOMACHI;1158;
G-30;160;21-03-17;MOONLIGHT;1158;
G-30;162;18-07-15;GOLEM;1140;
G-30;164;13-10-16;RANDAL;1140;
G-30;166;13-10-16;RANDAL;1140;
G-30;168;08-07-15;CHELO;1122;
G-30;170;27-10-16;ZAFIRO;1170;
G-30;172;07-01-16;MOONLIGHT;972;
G-30;174;07-01-16;MOONLIGHT;972;
G-30;176;07-01-16;MOONLIGHT;972;
G-30;178;09-02-17;EXTASIS;1140;
G-30;180;05-06-15;ARMONIA;1140;
G-30;182;21-03-17;MOONLIGHT;1170;
G-30;184;06-04-16;MOONLIGHT;1140;
G-30;186;07-01-16;MOONLIGHT;1152;
G-30;188;07-01-16;MOONLIGHT;1152;
G-30;196;09-02-17;TINGUA;1140;
G-30;198;22-07-15;MELODIA;1140;
G-30;200;07-01-16;MOONLIGHT;1176;
G-30;202;06-04-16;MOONLIGHT;1122;
G-30;204;01-04-17;HAWAI;1140;
G-30;206;09-02-17;TINGUA;1140;
G-30;212;07-01-16;MOONLIGHT;1140;
G-30;214;09-02-17;TINGUA;1140;
G-30;216;18-07-15;ZAFIRO;952;
G-30;218;16-01-16;ZAFIRO;964;
G-30;220;16-01-16;ZAFIRO;964;
G-30;222;16-01-16;ZAFIRO;964;
G-30;224;21-05-16;RANDAL;964;
G-30;228;04-12-15;ZAFIRO;1122;
G-30;230;24-06-15;GOLEM;1170;
G-30;232;17-12-15;TENDERLY;1140;
G-30;234;06-03-16;ZAFIRO;1158;
G-30;236;15-08-15;GOLEM;1122;
G-30;238;05-06-15;ARMONIA;1188;
G-30;244;02-01-16;ZAFIRO;964;
G-30;246;06-04-16;MOONLIGHT;964;
G-30;248;21-05-16;RANDAL;964;
G-30;250;06-03-16;ARMONIA;940;
G-30;252;26-05-16;RANDAL;1150;
G-30;254;17-03-16;KOMACHI;1150;
G-30;256;06-05-16;ZURIGO;976;
G-30;258;27-08-16;ZURIGO;976;
G-30;260;16-09-16;ZURIGO;996;
G-30;266;03-01-17;MOONLIGHT;976;
G-30;268;03-01-17;MOONLIGHT;976;
G-30;270;03-01-17;MOONLIGHT;976;
G-30;272;17-12-15;ARMONIA;980;
G-30;274;07-01-16;MOONLIGHT;1140;
G-30;276;07-01-16;MOONLIGHT;1140;
G-30;278;21-10-16;KOMACHI;1164;
G-30;280;30-04-15;ZAFIRO;948;
G-30;282;17-03-16;KOMACHI;948;
G-30;284;17-03-16;KOMACHI;948;
G-30;286;21-08-15;GOLEM;948;
G-30;288;21-05-16;ANDINO;940;
G-30;290;21-05-16;ANDINO;940;
G-30;292;21-05-16;ANDINO;1170;
G-30;294;08-05-14;ZURIGO;980;
G-25;13;21-07-16;FARIDA;972;
G-25;15;21-07-16;FARIDA;972;
G-25;25;05-07-16;WALKER;960;
G-25;27;17-09-16;GRANSOLE;1120;
G-25;29;17-09-16;GRANSOLE;1120;
G-25;41;21-07-16;FARIDA;1000;
G-25;51;05-07-16;WALKER;1116;
G-25;53;14-01-16;FARIDA;1116;
G-25;55;14-01-16;FARIDA;1116;
G-25;59;03-11-16;FARIDA;1164;
G-25;61;03-11-16;FARIDA;1164;
G-25;67;05-07-16;WALKER;976;
G-25;69;05-07-16;WALKER;976;
G-25;91;05-07-16;WALKER;956;
G-25;93;05-07-16;WALKER;1140;
G-25;117;05-07-16;GRANSOLE;976;
G-25;119;05-07-16;GRANSOLE;976;
G-25;121;05-07-16;GRANSOLE;976;
G-25;131;14-01-16;FARIDA;1128;
G-25;133;14-01-16;FARIDA;1128;
G-25;135;14-01-16;FARIDA;1128;
G-25;147;08-10-15;FARIDA;1140;
G-25;149;08-10-15;FARIDA;980;
G-25;151;08-10-15;FARIDA;980;
G-25;153;08-10-15;FARIDA;980;
G-25;155;08-10-15;FARIDA;1140;
G-25;157;14-01-16;FARIDA;1188;
G-25;159;14-01-16;FARIDA;1188;
G-25;207;20-02-16;FARIDA;1164;
G-25;209;03-06-16;SORRISO;1170;
G-25;211;03-06-16;SORRISO;1170;
G-25;213;23-10-15;FARIDA;948;
G-25;215;23-10-15;SORRISO;948;
G-25;219;28-05-15;MONTOYA;1182;
G-25;223;17-07-15;TINGUA;1146;
G-25;225;08-10-15;FARIDA;944;
G-25;227;30-03-16;TINGUA;988;
G-25;229;30-03-16;TINGUA;1170;
G-25;231;17-07-15;TINGUA;1140;
G-25;233;30-04-16;FARIDA;972;
G-25;235;30-04-16;FARIDA;1146;
G-25;237;21-10-15;FARIDA;1146;
G-25;239;25-05-16;TINGUA;1176;
G-25;241;25-05-16;TINGUA;988;
G-25;243;25-05-16;TINGUA;1176;
G-25;245;23-10-15;FARIDA;1134;
G-25;247;23-10-15;FARIDA;1122;
G-25;249;15-06-16;GRANSOLE;988;
G-25;251;06-02-16;SORRISO;988;
G-25;257;15-06-16;GRANSOLE;988;
G-25;259;30-04-16;FARIDA;1134;
G-25;261;10-02-16;FARIDA;1116;
G-25;269;17-07-15;TINGUA;1140;
G-25;271;03-06-16;SORRISO;988;
G-25;275;26-08-16;GRANSOLE;1000;
G-25;279;26-08-16;GRANSOLE;1000;
G-25;287;30-07-16;GRANSOLE;1158;
G-25;289;30-07-16;GRANSOLE;1158;
G-25;291;13-08-15;FARIDA;1170;
G-25;293;15-06-16;GRANSOLE;988;
G-25;297;17-07-15;TINGUA;1140;
G-25;299;13-08-15;FARIDA;1150;
G-25;301;13-08-15;FARIDA;1150;
G-25;303;21-05-16;DON_PEDRO;976;
G-25;305;21-05-16;DON_PEDRO;976;
G-25;307;21-05-16;DON_PEDRO;976;
G-25;309;21-05-16;DON_PEDRO;976;
G-25;315;31-07-15;SORRISO;1012;
G-25;317;31-07-15;SORRISO;956;
G-25;319;31-07-15;SORRISO;1134;
G-25;321;13-08-15;SORRISO;968;
G-25;325;26-08-16;GRANSOLE;1182;
G-25;327;15-06-16;GRANSOLE;1152;
G-25;339;26-08-16;GRANSOLE;1194;
G-25;341;21-01-16;FARIDA;936;
G-25;345;15-06-16;GRANSOLE;1158;
G-25;355;09-09-16;TINGUA;948;
G-25;357;13-08-16;SORRISO;1150;
G-25;363;10-02-16;FARIDA;960;
G-25;365;13-08-16;SORRISO;960;
G-25;6;05-07-16;WALKER;976;
G-25;10;30-07-16;VORAGINE;1170;
G-25;12;21-07-16;FARIDA;976;
G-25;22;21-07-16;FARIDA;1176;
G-25;24;21-07-16;FARIDA;1176;
G-25;26;25-01-16;TINGUA;980;
G-25;40;14-01-16;FARIDA;1164;
G-25;42;21-07-16;FARIDA;1012;
G-25;44;14-01-16;FARIDA;1012;
G-25;54;08-10-15;TINGUA;1140;
G-25;56;05-07-16;WALKER;1146;
G-25;58;05-07-16;WALKER;1146;
G-25;60;21-07-16;FARIDA;1146;
G-25;62;30-07-16;VORAGINE;1146;
G-25;64;30-07-16;VORAGINE;940;
G-25;66;30-07-16;VORAGINE;1146;
G-25;68;30-07-16;VORAGINE;1146;
G-25;76;21-07-16;FARIDA;1176;
G-25;88;13-08-15;FARIDA;920;
G-25;92;25-01-16;TINGUA;1194;
G-25;100;05-07-16;WALKER;976;
G-25;104;05-07-16;WALKER;1140;
G-25;108;21-07-16;FARIDA;1140;
G-25;118;14-01-16;FARIDA;1128;
G-25;120;05-07-16;GRANSOLE;972;
G-25;122;05-07-16;GRANSOLE;972;
G-25;134;05-07-16;GRANSOLE;1152;
G-25;136;05-07-16;GRANSOLE;1152;
G-25;138;05-07-16;GRANSOLE;1152;
G-25;144;14-01-16;FARIDA;1134;
G-25;146;14-01-16;FARIDA;960;
G-25;148;13-07-16;GRANSOLE;1150;
G-25;158;25-03-15;WALKER;1182;
G-25;164;06-02-16;VORAGINE;964;
G-25;168;16-07-15;FARIDA;1128;
G-25;174;20-05-15;WALKER;1152;
G-25;176;20-05-15;WALKER;1152;
G-25;184;13-07-16;GRANSOLE;1116;
G-25;190;20-05-15;WALKER;1104;
G-25;192;20-05-15;WALKER;1110;
G-25;194;05-03-15;WALKER;1116;
G-25;200;21-07-16;FARIDA;962;
G-25;202;06-02-16;VORAGINE;952;
G-25;204;30-07-16;GRANSOLE;1146;
G-25;210;13-08-15;FARIDA;1122;
G-25;212;13-08-15;FARIDA;1122;
G-25;216;03-06-16;SORRISO;1158;
G-25;240;15-06-16;GRANSOLE;1122;
G-25;242;10-02-16;FARIDA;1150;
G-25;246;30-07-16;GRANSOLE;1122;
G-25;254;26-08-16;GRANSOLE;1186;
G-25;256;26-08-16;GRANSOLE;960;
G-25;260;25-05-16;TINGUA;1164;
G-25;268;26-08-16;FARIDA;1164;
G-25;276;03-06-16;SORRISO;1158;
G-25;278;05-11-15;SORRISO;1140;
G-25;280;05-11-15;SORRISO;1140;
G-25;282;25-05-16;TINGUA;1152;
G-25;284;25-05-16;TINGUA;1152;
G-25;294;18-09-15;FARIDA;1136;
G-25;296;17-07-15;TINGUA;1098;
G-25;304;25-05-16;DON_PEDRO;1158;
G-25;310;18-09-15;FARIDA;1134;
G-25;312;03-06-16;TINGUA;1050;
G-25;316;19-09-15;FARIDA;1198;
G-25;318;16-05-14;GOBLIN;1212;
G-25;320;26-08-16;GRANSOLE;1198;
G-25;322;26-08-16;GRANSOLE;1000;
G-25;324;17-04-16;SORRISO;1128;
G-25;326;10-02-16;FARIDA;1128;
G-25;328;15-06-16;GRANSOLE;968;
G-25;334;15-06-16;GRANSOLE;972;
G-25;336;07-06-16;GRANSOLE;972;
G-25;338;26-08-16;GRANSOLE;1182;
G-25;340;26-08-16;GRANSOLE;1182;
G-25;346;14-11-15;FARIDA;1098;
G-25;348;18-09-15;FARIDA;1104;
G-25;350;13-08-15;FARIDA;1098;
G-25;352;10-02-16;FARIDA;1140;
G-25;354;15-06-16;GRANSOLE;1152;
G-25;362;10-02-16;FARIDA;960;
G-25;366;23-07-16;GRANSOLE;1800;
G-25;372;13-08-16;SORRISO;1158;
