bed_number,block_name,total_area,usable_area,bed_type_width,errores
32,G-09,35.1,19.6,64,Bloque G-09 no encontrado.
34,G-09,35.1,19.6,64,Bloque G-09 no encontrado.
36,G-09,35.1,19.6,64,Bloque G-09 no encontrado.
140,G-09,35.1,19.6,64,Bloque G-09 no encontrado.
142,G-09,35.1,19.6,64,Bloque G-09 no encontrado.
185,G-09,35.7,20.0,64,Bloque G-09 no encontrado.
187,G-09,35.7,20.0,64,Bloque G-09 no encontrado.
3,G-10,35.2,19.7,64,Bloque G-10 no encontrado.
5,G-10,35.2,19.7,64,Bloque G-10 no encontrado.
7,G-10,35.2,19.7,64,Bloque G-10 no encontrado.
9,G-10,35.2,19.7,64,Bloque G-10 no encontrado.
11,G-10,35.2,19.7,64,Bloque G-10 no encontrado.
12,G-10,34.6,19.3,64,Bloque G-10 no encontrado.
13,G-10,35.2,19.7,64,Bloque G-10 no encontrado.
14,G-10,34.6,19.3,64,Bloque G-10 no encontrado.
15,G-10,35.2,19.7,64,Bloque G-10 no encontrado.
16,G-10,34.6,19.3,64,Bloque G-10 no encontrado.
17,G-10,35.2,19.7,64,Bloque G-10 no encontrado.
18,G-10,34.6,19.3,64,Bloque G-10 no encontrado.
19,G-10,35.2,19.7,64,Bloque G-10 no encontrado.
20,G-10,34.6,19.3,64,Bloque G-10 no encontrado.
21,G-10,35.2,19.7,64,Bloque G-10 no encontrado.
22,G-10,34.6,19.3,64,Bloque G-10 no encontrado.
23,G-10,35.2,19.7,64,Bloque G-10 no encontrado.
24,G-10,34.6,19.3,64,Bloque G-10 no encontrado.
26,G-10,34.6,19.3,64,Bloque G-10 no encontrado.
29,G-10,35.2,19.7,64,Bloque G-10 no encontrado.
40,G-10,34.6,19.3,64,Bloque G-10 no encontrado.
43,G-10,35.2,19.7,64,Bloque G-10 no encontrado.
44,G-10,34.6,19.3,64,Bloque G-10 no encontrado.
45,G-10,35.2,19.7,64,Bloque G-10 no encontrado.
46,G-10,34.6,19.3,64,Bloque G-10 no encontrado.
47,G-10,35.2,19.7,64,Bloque G-10 no encontrado.
48,G-10,34.6,19.3,64,Bloque G-10 no encontrado.
49,G-10,35.2,19.7,64,Bloque G-10 no encontrado.
50,G-10,34.6,19.3,64,Bloque G-10 no encontrado.
52,G-10,34.6,19.3,64,Bloque G-10 no encontrado.
54,G-10,34.6,19.3,64,Bloque G-10 no encontrado.
56,G-10,34.6,19.3,64,Bloque G-10 no encontrado.
57,G-10,35.2,19.7,64,Bloque G-10 no encontrado.
59,G-10,35.2,19.7,64,Bloque G-10 no encontrado.
67,G-10,35.2,19.7,64,Bloque G-10 no encontrado.
76,G-10,34.6,19.3,64,Bloque G-10 no encontrado.
78,G-10,34.6,19.3,64,Bloque G-10 no encontrado.
82,G-10,34.6,19.3,64,Bloque G-10 no encontrado.
1,G-13,40.9,22.8,64,Bloque G-13 no encontrado.
2,G-13,40.6,22.7,64,Bloque G-13 no encontrado.
3,G-13,40.9,22.8,64,Bloque G-13 no encontrado.
4,G-13,40.6,22.7,64,Bloque G-13 no encontrado.
5,G-13,40.9,22.8,64,Bloque G-13 no encontrado.
6,G-13,40.6,22.7,64,Bloque G-13 no encontrado.
7,G-13,40.9,22.8,64,Bloque G-13 no encontrado.
8,G-13,40.6,22.7,64,Bloque G-13 no encontrado.
9,G-13,40.9,22.8,64,Bloque G-13 no encontrado.
10,G-13,40.6,22.7,64,Bloque G-13 no encontrado.
11,G-13,40.9,22.8,64,Bloque G-13 no encontrado.
12,G-13,40.6,22.7,64,Bloque G-13 no encontrado.
13,G-13,40.9,22.8,64,Bloque G-13 no encontrado.
14,G-13,31.7,17.7,50,Bloque G-13 no encontrado.
15,G-13,40.9,22.8,64,Bloque G-13 no encontrado.
16,G-13,40.6,22.7,64,Bloque G-13 no encontrado.
17,G-13,40.9,22.8,64,Bloque G-13 no encontrado.
18,G-13,40.6,22.7,64,Bloque G-13 no encontrado.
19,G-13,40.9,22.8,64,Bloque G-13 no encontrado.
20,G-13,40.6,22.7,64,Bloque G-13 no encontrado.
21,G-13,40.9,22.8,64,Bloque G-13 no encontrado.
22,G-13,31.7,17.7,50,Bloque G-13 no encontrado.
23,G-13,40.9,22.8,64,Bloque G-13 no encontrado.
24,G-13,40.6,22.7,64,Bloque G-13 no encontrado.
25,G-13,40.9,22.8,64,Bloque G-13 no encontrado.
26,G-13,40.6,22.7,64,Bloque G-13 no encontrado.
27,G-13,40.9,22.8,64,Bloque G-13 no encontrado.
28,G-13,40.6,22.7,64,Bloque G-13 no encontrado.
29,G-13,40.9,22.8,64,Bloque G-13 no encontrado.
30,G-13,40.6,22.7,64,Bloque G-13 no encontrado.
31,G-13,40.9,22.8,64,Bloque G-13 no encontrado.
32,G-13,31.7,17.7,50,Bloque G-13 no encontrado.
33,G-13,40.9,22.8,64,Bloque G-13 no encontrado.
34,G-13,40.6,22.7,64,Bloque G-13 no encontrado.
35,G-13,40.9,22.8,64,Bloque G-13 no encontrado.
36,G-13,40.6,22.7,64,Bloque G-13 no encontrado.
37,G-13,40.9,22.8,64,Bloque G-13 no encontrado.
38,G-13,40.6,22.7,64,Bloque G-13 no encontrado.
40,G-13,40.6,22.7,64,Bloque G-13 no encontrado.
41,G-13,32.0,17.9,50,Bloque G-13 no encontrado.
42,G-13,40.6,22.7,64,Bloque G-13 no encontrado.
43,G-13,32.0,17.9,50,Bloque G-13 no encontrado.
44,G-13,40.6,22.7,64,Bloque G-13 no encontrado.
45,G-13,32.0,17.9,50,Bloque G-13 no encontrado.
46,G-13,40.6,22.7,64,Bloque G-13 no encontrado.
47,G-13,32.0,17.9,50,Bloque G-13 no encontrado.
48,G-13,40.6,22.7,64,Bloque G-13 no encontrado.
49,G-13,40.9,22.8,64,Bloque G-13 no encontrado.
50,G-13,40.6,22.7,64,Bloque G-13 no encontrado.
51,G-13,32.0,17.9,50,Bloque G-13 no encontrado.
53,G-13,40.9,22.8,64,Bloque G-13 no encontrado.
54,G-13,31.7,17.7,50,Bloque G-13 no encontrado.
55,G-13,32.0,17.9,50,Bloque G-13 no encontrado.
56,G-13,31.7,17.7,50,Bloque G-13 no encontrado.
57,G-13,32.0,17.9,50,Bloque G-13 no encontrado.
58,G-13,31.7,17.7,50,Bloque G-13 no encontrado.
59,G-13,40.9,22.8,64,Bloque G-13 no encontrado.
60,G-13,31.7,17.7,50,Bloque G-13 no encontrado.
61,G-13,40.9,22.8,64,Bloque G-13 no encontrado.
62,G-13,31.7,17.7,50,Bloque G-13 no encontrado.
63,G-13,40.9,22.8,64,Bloque G-13 no encontrado.
64,G-13,31.7,17.7,50,Bloque G-13 no encontrado.
65,G-13,40.9,22.8,64,Bloque G-13 no encontrado.
66,G-13,40.6,22.7,64,Bloque G-13 no encontrado.
67,G-13,40.9,22.8,64,Bloque G-13 no encontrado.
68,G-13,40.6,22.7,64,Bloque G-13 no encontrado.
69,G-13,40.9,22.8,64,Bloque G-13 no encontrado.
70,G-13,40.6,22.7,64,Bloque G-13 no encontrado.
71,G-13,40.9,22.8,64,Bloque G-13 no encontrado.
72,G-13,40.6,22.7,64,Bloque G-13 no encontrado.
73,G-13,40.9,22.8,64,Bloque G-13 no encontrado.
74,G-13,40.6,22.7,64,Bloque G-13 no encontrado.
75,G-13,40.9,22.8,64,Bloque G-13 no encontrado.
76,G-13,40.6,22.7,64,Bloque G-13 no encontrado.
77,G-13,40.9,22.8,64,Bloque G-13 no encontrado.
78,G-13,40.6,22.7,64,Bloque G-13 no encontrado.
79,G-13,40.9,22.8,64,Bloque G-13 no encontrado.
80,G-13,40.6,22.7,64,Bloque G-13 no encontrado.
81,G-13,40.9,22.8,64,Bloque G-13 no encontrado.
82,G-13,40.6,22.7,64,Bloque G-13 no encontrado.
83,G-13,40.9,22.8,64,Bloque G-13 no encontrado.
84,G-13,40.6,22.7,64,Bloque G-13 no encontrado.
85,G-13,40.9,22.8,64,Bloque G-13 no encontrado.
86,G-13,40.6,22.7,64,Bloque G-13 no encontrado.
87,G-13,40.9,22.8,64,Bloque G-13 no encontrado.
88,G-13,40.6,22.7,64,Bloque G-13 no encontrado.
89,G-13,40.9,22.8,64,Bloque G-13 no encontrado.
90,G-13,40.6,22.7,64,Bloque G-13 no encontrado.
91,G-13,40.9,22.8,64,Bloque G-13 no encontrado.
92,G-13,40.6,22.7,64,Bloque G-13 no encontrado.
93,G-13,40.9,22.8,64,Bloque G-13 no encontrado.
94,G-13,40.6,22.7,64,Bloque G-13 no encontrado.
95,G-13,40.9,22.8,64,Bloque G-13 no encontrado.
96,G-13,40.6,22.7,64,Bloque G-13 no encontrado.
97,G-13,40.9,22.8,64,Bloque G-13 no encontrado.
98,G-13,40.6,22.7,64,Bloque G-13 no encontrado.
99,G-13,40.9,22.8,64,Bloque G-13 no encontrado.
100,G-13,40.6,22.7,64,Bloque G-13 no encontrado.
101,G-13,40.9,22.8,64,Bloque G-13 no encontrado.
102,G-13,40.6,22.7,64,Bloque G-13 no encontrado.
103,G-13,40.9,22.8,64,Bloque G-13 no encontrado.
105,G-13,40.9,22.8,64,Bloque G-13 no encontrado.
106,G-13,31.7,17.7,50,Bloque G-13 no encontrado.
107,G-13,40.9,22.8,64,Bloque G-13 no encontrado.
108,G-13,40.6,22.7,64,Bloque G-13 no encontrado.
109,G-13,40.9,22.8,64,Bloque G-13 no encontrado.
110,G-13,40.6,22.7,64,Bloque G-13 no encontrado.
111,G-13,40.9,22.8,64,Bloque G-13 no encontrado.
112,G-13,31.7,17.7,50,Bloque G-13 no encontrado.
113,G-13,40.9,22.8,64,Bloque G-13 no encontrado.
114,G-13,40.6,22.7,64,Bloque G-13 no encontrado.
115,G-13,40.9,22.8,64,Bloque G-13 no encontrado.
116,G-13,40.6,22.7,64,Bloque G-13 no encontrado.
117,G-13,40.9,22.8,64,Bloque G-13 no encontrado.
118,G-13,40.6,22.7,64,Bloque G-13 no encontrado.
119,G-13,40.9,22.8,64,Bloque G-13 no encontrado.
120,G-13,40.6,22.7,64,Bloque G-13 no encontrado.
121,G-13,40.9,22.8,64,Bloque G-13 no encontrado.
122,G-13,40.6,22.7,64,Bloque G-13 no encontrado.
123,G-13,40.9,22.8,64,Bloque G-13 no encontrado.
124,G-13,40.6,22.7,64,Bloque G-13 no encontrado.
125,G-13,40.9,22.8,64,Bloque G-13 no encontrado.
126,G-13,40.6,22.7,64,Bloque G-13 no encontrado.
127,G-13,40.9,22.8,64,Bloque G-13 no encontrado.
128,G-13,40.6,22.7,64,Bloque G-13 no encontrado.
129,G-13,40.9,22.8,64,Bloque G-13 no encontrado.
130,G-13,40.6,22.7,64,Bloque G-13 no encontrado.
131,G-13,40.9,22.8,64,Bloque G-13 no encontrado.
132,G-13,40.6,22.7,64,Bloque G-13 no encontrado.
133,G-13,40.9,22.8,64,Bloque G-13 no encontrado.
134,G-13,40.6,22.7,64,Bloque G-13 no encontrado.
135,G-13,40.9,22.8,64,Bloque G-13 no encontrado.
136,G-13,40.6,22.7,64,Bloque G-13 no encontrado.
137,G-13,40.9,22.8,64,Bloque G-13 no encontrado.
139,G-13,40.9,22.8,64,Bloque G-13 no encontrado.
140,G-13,40.6,22.7,64,Bloque G-13 no encontrado.
141,G-13,40.9,22.8,64,Bloque G-13 no encontrado.
142,G-13,40.6,22.7,64,Bloque G-13 no encontrado.
143,G-13,40.9,22.8,64,Bloque G-13 no encontrado.
144,G-13,40.6,22.7,64,Bloque G-13 no encontrado.
145,G-13,40.9,22.8,64,Bloque G-13 no encontrado.
146,G-13,40.6,22.7,64,Bloque G-13 no encontrado.
147,G-13,40.9,22.8,64,Bloque G-13 no encontrado.
148,G-13,40.6,22.7,64,Bloque G-13 no encontrado.
149,G-13,40.9,22.8,64,Bloque G-13 no encontrado.
150,G-13,40.6,22.7,64,Bloque G-13 no encontrado.
151,G-13,40.9,22.8,64,Bloque G-13 no encontrado.
152,G-13,40.6,22.7,64,Bloque G-13 no encontrado.
153,G-13,40.9,22.8,64,Bloque G-13 no encontrado.
154,G-13,40.6,22.7,64,Bloque G-13 no encontrado.
155,G-13,32.0,17.9,50,Bloque G-13 no encontrado.
156,G-13,40.6,22.7,64,Bloque G-13 no encontrado.
158,G-13,31.7,17.7,50,Bloque G-13 no encontrado.
160,G-13,31.7,17.7,50,Bloque G-13 no encontrado.
161,G-13,40.9,22.8,64,Bloque G-13 no encontrado.
162,G-13,40.6,22.7,64,Bloque G-13 no encontrado.
163,G-13,40.9,22.8,64,Bloque G-13 no encontrado.
165,G-13,40.9,22.8,64,Bloque G-13 no encontrado.
166,G-13,40.6,22.7,64,Bloque G-13 no encontrado.
167,G-13,40.9,22.8,64,Bloque G-13 no encontrado.
169,G-13,40.9,22.8,64,Bloque G-13 no encontrado.
170,G-13,40.6,22.7,64,Bloque G-13 no encontrado.
171,G-13,40.9,22.8,64,Bloque G-13 no encontrado.
172,G-13,40.6,22.7,64,Bloque G-13 no encontrado.
173,G-13,40.9,22.8,64,Bloque G-13 no encontrado.
174,G-13,40.6,22.7,64,Bloque G-13 no encontrado.
175,G-13,40.9,22.8,64,Bloque G-13 no encontrado.
176,G-13,40.6,22.7,64,Bloque G-13 no encontrado.
177,G-13,40.9,22.8,64,Bloque G-13 no encontrado.
178,G-13,31.7,17.7,50,Bloque G-13 no encontrado.
179,G-13,40.9,22.8,64,Bloque G-13 no encontrado.
180,G-13,31.7,17.7,50,Bloque G-13 no encontrado.
181,G-13,40.9,22.8,64,Bloque G-13 no encontrado.
182,G-13,40.6,22.7,64,Bloque G-13 no encontrado.
183,G-13,40.9,22.8,64,Bloque G-13 no encontrado.
184,G-13,40.6,22.7,64,Bloque G-13 no encontrado.
185,G-13,40.9,22.8,64,Bloque G-13 no encontrado.
186,G-13,40.6,22.7,64,Bloque G-13 no encontrado.
187,G-13,40.9,22.8,64,Bloque G-13 no encontrado.
188,G-13,40.6,22.7,64,Bloque G-13 no encontrado.
189,G-13,32.0,17.9,50,Bloque G-13 no encontrado.
191,G-13,32.0,17.9,50,Bloque G-13 no encontrado.
192,G-13,40.6,22.7,64,Bloque G-13 no encontrado.
193,G-13,32.0,17.9,50,Bloque G-13 no encontrado.
197,G-13,40.9,22.8,64,Bloque G-13 no encontrado.
199,G-13,40.9,22.8,64,Bloque G-13 no encontrado.
200,G-13,31.7,17.7,50,Bloque G-13 no encontrado.
201,G-13,40.9,22.8,64,Bloque G-13 no encontrado.
202,G-13,31.7,17.7,50,Bloque G-13 no encontrado.
203,G-13,40.9,22.8,64,Bloque G-13 no encontrado.
204,G-13,40.6,22.7,64,Bloque G-13 no encontrado.
205,G-13,40.9,22.8,64,Bloque G-13 no encontrado.
206,G-13,40.6,22.7,64,Bloque G-13 no encontrado.
208,G-13,40.6,22.7,64,Bloque G-13 no encontrado.
209,G-13,40.9,22.8,64,Bloque G-13 no encontrado.
210,G-13,40.6,22.7,64,Bloque G-13 no encontrado.
211,G-13,40.9,22.8,64,Bloque G-13 no encontrado.
212,G-13,31.7,17.7,50,Bloque G-13 no encontrado.
213,G-13,40.9,22.8,64,Bloque G-13 no encontrado.
214,G-13,31.7,17.7,50,Bloque G-13 no encontrado.
215,G-13,40.9,22.8,64,Bloque G-13 no encontrado.
216,G-13,40.6,22.7,64,Bloque G-13 no encontrado.
217,G-13,40.9,22.8,64,Bloque G-13 no encontrado.
218,G-13,40.6,22.7,64,Bloque G-13 no encontrado.
219,G-13,40.9,22.8,64,Bloque G-13 no encontrado.
220,G-13,40.6,22.7,64,Bloque G-13 no encontrado.
221,G-13,32.0,17.9,50,Bloque G-13 no encontrado.
222,G-13,40.6,22.7,64,Bloque G-13 no encontrado.
223,G-13,40.9,22.8,64,Bloque G-13 no encontrado.
224,G-13,40.6,22.7,64,Bloque G-13 no encontrado.
225,G-13,40.9,22.8,64,Bloque G-13 no encontrado.
226,G-13,40.6,22.7,64,Bloque G-13 no encontrado.
227,G-13,40.9,22.8,64,Bloque G-13 no encontrado.
228,G-13,40.6,22.7,64,Bloque G-13 no encontrado.
229,G-13,40.9,22.8,64,Bloque G-13 no encontrado.
230,G-13,40.6,22.7,64,Bloque G-13 no encontrado.
231,G-13,40.9,22.8,64,Bloque G-13 no encontrado.
233,G-13,40.9,22.8,64,Bloque G-13 no encontrado.
234,G-13,40.6,22.7,64,Bloque G-13 no encontrado.
235,G-13,40.9,22.8,64,Bloque G-13 no encontrado.
236,G-13,40.6,22.7,64,Bloque G-13 no encontrado.
237,G-13,40.9,22.8,64,Bloque G-13 no encontrado.
238,G-13,40.6,22.7,64,Bloque G-13 no encontrado.
239,G-13,40.9,22.8,64,Bloque G-13 no encontrado.
241,G-13,40.9,22.8,64,Bloque G-13 no encontrado.
242,G-13,40.6,22.7,64,Bloque G-13 no encontrado.
243,G-13,40.9,22.8,64,Bloque G-13 no encontrado.
244,G-13,40.6,22.7,64,Bloque G-13 no encontrado.
245,G-13,40.9,22.8,64,Bloque G-13 no encontrado.
246,G-13,40.6,22.7,64,Bloque G-13 no encontrado.
247,G-13,40.9,22.8,64,Bloque G-13 no encontrado.
248,G-13,40.6,22.7,64,Bloque G-13 no encontrado.
249,G-13,40.9,22.8,64,Bloque G-13 no encontrado.
250,G-13,40.6,22.7,64,Bloque G-13 no encontrado.
251,G-13,40.9,22.8,64,Bloque G-13 no encontrado.
252,G-13,40.6,22.7,64,Bloque G-13 no encontrado.
253,G-13,40.9,22.8,64,Bloque G-13 no encontrado.
254,G-13,40.6,22.7,64,Bloque G-13 no encontrado.
255,G-13,40.9,22.8,64,Bloque G-13 no encontrado.
256,G-13,40.6,22.7,64,Bloque G-13 no encontrado.
258,G-13,40.6,22.7,64,Bloque G-13 no encontrado.
262,G-13,40.6,22.7,64,Bloque G-13 no encontrado.
1,G-14,47.3,26.4,64,Bloque G-14 no encontrado.
2,G-14,54.4,30.4,64,Bloque G-14 no encontrado.
3,G-14,47.3,26.4,64,Bloque G-14 no encontrado.
4,G-14,54.4,30.4,64,Bloque G-14 no encontrado.
5,G-14,47.3,26.4,64,Bloque G-14 no encontrado.
6,G-14,54.4,30.4,64,Bloque G-14 no encontrado.
7,G-14,47.3,26.4,64,Bloque G-14 no encontrado.
8,G-14,54.4,30.4,64,Bloque G-14 no encontrado.
9,G-14,47.3,26.4,64,Bloque G-14 no encontrado.
10,G-14,54.4,30.4,64,Bloque G-14 no encontrado.
11,G-14,47.3,26.4,64,Bloque G-14 no encontrado.
12,G-14,42.5,23.8,50,Bloque G-14 no encontrado.
13,G-14,47.3,26.4,64,Bloque G-14 no encontrado.
14,G-14,54.4,30.4,64,Bloque G-14 no encontrado.
15,G-14,47.3,26.4,64,Bloque G-14 no encontrado.
16,G-14,42.5,23.8,50,Bloque G-14 no encontrado.
17,G-14,47.3,26.4,64,Bloque G-14 no encontrado.
18,G-14,42.5,23.8,50,Bloque G-14 no encontrado.
19,G-14,47.3,26.4,64,Bloque G-14 no encontrado.
20,G-14,54.4,30.4,64,Bloque G-14 no encontrado.
21,G-14,47.3,26.4,64,Bloque G-14 no encontrado.
22,G-14,54.4,30.4,64,Bloque G-14 no encontrado.
23,G-14,47.3,26.4,64,Bloque G-14 no encontrado.
24,G-14,54.4,30.4,64,Bloque G-14 no encontrado.
25,G-14,47.3,26.4,64,Bloque G-14 no encontrado.
26,G-14,54.4,30.4,64,Bloque G-14 no encontrado.
27,G-14,47.3,26.4,64,Bloque G-14 no encontrado.
28,G-14,54.4,30.4,64,Bloque G-14 no encontrado.
29,G-14,47.3,26.4,64,Bloque G-14 no encontrado.
30,G-14,42.5,23.8,50,Bloque G-14 no encontrado.
31,G-14,47.3,26.4,64,Bloque G-14 no encontrado.
32,G-14,42.5,23.8,50,Bloque G-14 no encontrado.
33,G-14,47.3,26.4,64,Bloque G-14 no encontrado.
34,G-14,42.5,23.8,50,Bloque G-14 no encontrado.
35,G-14,47.3,26.4,64,Bloque G-14 no encontrado.
36,G-14,54.4,30.4,64,Bloque G-14 no encontrado.
37,G-14,47.3,26.4,64,Bloque G-14 no encontrado.
38,G-14,54.4,30.4,64,Bloque G-14 no encontrado.
39,G-14,47.9,26.8,64,Bloque G-14 no encontrado.
40,G-14,54.4,30.4,64,Bloque G-14 no encontrado.
41,G-14,47.9,26.8,64,Bloque G-14 no encontrado.
42,G-14,54.4,30.4,64,Bloque G-14 no encontrado.
43,G-14,47.9,26.8,64,Bloque G-14 no encontrado.
44,G-14,54.4,30.4,64,Bloque G-14 no encontrado.
45,G-14,47.9,26.8,64,Bloque G-14 no encontrado.
46,G-14,54.4,30.4,64,Bloque G-14 no encontrado.
47,G-14,47.9,26.8,64,Bloque G-14 no encontrado.
48,G-14,54.4,30.4,64,Bloque G-14 no encontrado.
49,G-14,47.3,26.4,64,Bloque G-14 no encontrado.
50,G-14,42.5,23.8,50,Bloque G-14 no encontrado.
51,G-14,47.3,26.4,64,Bloque G-14 no encontrado.
52,G-14,54.4,30.4,64,Bloque G-14 no encontrado.
53,G-14,47.3,26.4,64,Bloque G-14 no encontrado.
54,G-14,54.4,30.4,64,Bloque G-14 no encontrado.
55,G-14,47.3,26.4,64,Bloque G-14 no encontrado.
56,G-14,54.4,30.4,64,Bloque G-14 no encontrado.
57,G-14,47.3,26.4,64,Bloque G-14 no encontrado.
58,G-14,54.4,30.4,64,Bloque G-14 no encontrado.
59,G-14,47.3,26.4,64,Bloque G-14 no encontrado.
60,G-14,54.4,30.4,64,Bloque G-14 no encontrado.
61,G-14,47.3,26.4,64,Bloque G-14 no encontrado.
62,G-14,54.4,30.4,64,Bloque G-14 no encontrado.
63,G-14,47.3,26.4,64,Bloque G-14 no encontrado.
64,G-14,54.4,30.4,64,Bloque G-14 no encontrado.
65,G-14,47.3,26.4,64,Bloque G-14 no encontrado.
66,G-14,42.5,23.8,50,Bloque G-14 no encontrado.
67,G-14,47.3,26.4,64,Bloque G-14 no encontrado.
68,G-14,42.5,23.8,50,Bloque G-14 no encontrado.
69,G-14,47.3,26.4,64,Bloque G-14 no encontrado.
70,G-14,42.5,23.8,50,Bloque G-14 no encontrado.
71,G-14,47.3,26.4,64,Bloque G-14 no encontrado.
72,G-14,42.5,23.8,50,Bloque G-14 no encontrado.
73,G-14,47.3,26.4,64,Bloque G-14 no encontrado.
74,G-14,42.5,23.8,50,Bloque G-14 no encontrado.
75,G-14,47.3,26.4,64,Bloque G-14 no encontrado.
76,G-14,54.4,30.4,64,Bloque G-14 no encontrado.
77,G-14,37.0,20.7,50,Bloque G-14 no encontrado.
78,G-14,54.4,30.4,64,Bloque G-14 no encontrado.
79,G-14,47.3,26.4,64,Bloque G-14 no encontrado.
80,G-14,54.4,30.4,64,Bloque G-14 no encontrado.
81,G-14,47.3,26.4,64,Bloque G-14 no encontrado.
82,G-14,42.5,23.8,50,Bloque G-14 no encontrado.
83,G-14,47.3,26.4,64,Bloque G-14 no encontrado.
84,G-14,54.4,30.4,64,Bloque G-14 no encontrado.
85,G-14,47.3,26.4,64,Bloque G-14 no encontrado.
86,G-14,54.4,30.4,64,Bloque G-14 no encontrado.
87,G-14,47.3,26.4,64,Bloque G-14 no encontrado.
88,G-14,54.4,30.4,64,Bloque G-14 no encontrado.
89,G-14,47.3,26.4,64,Bloque G-14 no encontrado.
90,G-14,54.4,30.4,64,Bloque G-14 no encontrado.
91,G-14,47.3,26.4,64,Bloque G-14 no encontrado.
92,G-14,54.4,30.4,64,Bloque G-14 no encontrado.
93,G-14,47.3,26.4,64,Bloque G-14 no encontrado.
94,G-14,54.4,30.4,64,Bloque G-14 no encontrado.
95,G-14,47.3,26.4,64,Bloque G-14 no encontrado.
96,G-14,54.4,30.4,64,Bloque G-14 no encontrado.
97,G-14,47.3,26.4,64,Bloque G-14 no encontrado.
98,G-14,54.4,30.4,64,Bloque G-14 no encontrado.
99,G-14,47.3,26.4,64,Bloque G-14 no encontrado.
100,G-14,54.4,30.4,64,Bloque G-14 no encontrado.
101,G-14,47.3,26.4,64,Bloque G-14 no encontrado.
102,G-14,54.4,30.4,64,Bloque G-14 no encontrado.
103,G-14,47.3,26.4,64,Bloque G-14 no encontrado.
104,G-14,54.4,30.4,64,Bloque G-14 no encontrado.
105,G-14,47.3,26.4,64,Bloque G-14 no encontrado.
106,G-14,54.4,30.4,64,Bloque G-14 no encontrado.
107,G-14,47.9,26.8,64,Bloque G-14 no encontrado.
108,G-14,54.4,30.4,64,Bloque G-14 no encontrado.
109,G-14,47.9,26.8,64,Bloque G-14 no encontrado.
110,G-14,54.4,30.4,64,Bloque G-14 no encontrado.
111,G-14,47.9,26.8,64,Bloque G-14 no encontrado.
112,G-14,54.4,30.4,64,Bloque G-14 no encontrado.
113,G-14,47.9,26.8,64,Bloque G-14 no encontrado.
114,G-14,54.4,30.4,64,Bloque G-14 no encontrado.
115,G-14,47.9,26.8,64,Bloque G-14 no encontrado.
116,G-14,54.4,30.4,64,Bloque G-14 no encontrado.
117,G-14,47.9,26.8,64,Bloque G-14 no encontrado.
118,G-14,54.4,30.4,64,Bloque G-14 no encontrado.
119,G-14,47.3,26.4,64,Bloque G-14 no encontrado.
120,G-14,54.4,30.4,64,Bloque G-14 no encontrado.
121,G-14,47.3,26.4,64,Bloque G-14 no encontrado.
122,G-14,54.4,30.4,64,Bloque G-14 no encontrado.
123,G-14,47.3,26.4,64,Bloque G-14 no encontrado.
125,G-14,47.3,26.4,64,Bloque G-14 no encontrado.
126,G-14,54.4,30.4,64,Bloque G-14 no encontrado.
127,G-14,47.3,26.4,64,Bloque G-14 no encontrado.
128,G-14,42.5,23.8,50,Bloque G-14 no encontrado.
129,G-14,47.3,26.4,64,Bloque G-14 no encontrado.
130,G-14,54.4,30.4,64,Bloque G-14 no encontrado.
131,G-14,47.3,26.4,64,Bloque G-14 no encontrado.
132,G-14,42.5,23.8,50,Bloque G-14 no encontrado.
133,G-14,47.3,26.4,64,Bloque G-14 no encontrado.
134,G-14,54.4,30.4,64,Bloque G-14 no encontrado.
135,G-14,47.3,26.4,64,Bloque G-14 no encontrado.
136,G-14,42.5,23.8,50,Bloque G-14 no encontrado.
137,G-14,47.3,26.4,64,Bloque G-14 no encontrado.
138,G-14,42.5,23.8,50,Bloque G-14 no encontrado.
139,G-14,47.3,26.4,64,Bloque G-14 no encontrado.
140,G-14,42.5,23.8,50,Bloque G-14 no encontrado.
141,G-14,37.0,20.7,50,Bloque G-14 no encontrado.
142,G-14,42.5,23.8,50,Bloque G-14 no encontrado.
143,G-14,47.3,26.4,64,Bloque G-14 no encontrado.
144,G-14,42.5,23.8,50,Bloque G-14 no encontrado.
145,G-14,47.3,26.4,64,Bloque G-14 no encontrado.
146,G-14,42.5,23.8,50,Bloque G-14 no encontrado.
147,G-14,47.3,26.4,64,Bloque G-14 no encontrado.
148,G-14,42.5,23.8,50,Bloque G-14 no encontrado.
149,G-14,47.3,26.4,64,Bloque G-14 no encontrado.
150,G-14,42.5,23.8,50,Bloque G-14 no encontrado.
151,G-14,47.3,26.4,64,Bloque G-14 no encontrado.
152,G-14,42.5,23.8,50,Bloque G-14 no encontrado.
153,G-14,47.3,26.4,64,Bloque G-14 no encontrado.
154,G-14,42.5,23.8,50,Bloque G-14 no encontrado.
155,G-14,47.3,26.4,64,Bloque G-14 no encontrado.
156,G-14,54.4,30.4,64,Bloque G-14 no encontrado.
158,G-14,42.5,23.8,50,Bloque G-14 no encontrado.
160,G-14,42.5,23.8,50,Bloque G-14 no encontrado.
162,G-14,54.4,30.4,64,Bloque G-14 no encontrado.
163,G-14,47.3,26.4,64,Bloque G-14 no encontrado.
164,G-14,54.4,30.4,64,Bloque G-14 no encontrado.
165,G-14,47.3,26.4,64,Bloque G-14 no encontrado.
166,G-14,42.5,23.8,50,Bloque G-14 no encontrado.
167,G-14,47.3,26.4,64,Bloque G-14 no encontrado.
168,G-14,42.5,23.8,50,Bloque G-14 no encontrado.
169,G-14,37.4,20.9,50,Bloque G-14 no encontrado.
170,G-14,54.4,30.4,64,Bloque G-14 no encontrado.
171,G-14,47.9,26.8,64,Bloque G-14 no encontrado.
172,G-14,54.4,30.4,64,Bloque G-14 no encontrado.
173,G-14,47.9,26.8,64,Bloque G-14 no encontrado.
174,G-14,54.4,30.4,64,Bloque G-14 no encontrado.
175,G-14,47.9,26.8,64,Bloque G-14 no encontrado.
176,G-14,42.5,23.8,50,Bloque G-14 no encontrado.
177,G-14,47.9,26.8,64,Bloque G-14 no encontrado.
178,G-14,42.5,23.8,50,Bloque G-14 no encontrado.
179,G-14,47.9,26.8,64,Bloque G-14 no encontrado.
180,G-14,42.5,23.8,50,Bloque G-14 no encontrado.
181,G-14,47.3,26.4,64,Bloque G-14 no encontrado.
182,G-14,42.5,23.8,50,Bloque G-14 no encontrado.
183,G-14,47.3,26.4,64,Bloque G-14 no encontrado.
184,G-14,42.5,23.8,50,Bloque G-14 no encontrado.
185,G-14,47.3,26.4,64,Bloque G-14 no encontrado.
186,G-14,54.4,30.4,64,Bloque G-14 no encontrado.
187,G-14,47.3,26.4,64,Bloque G-14 no encontrado.
188,G-14,42.5,23.8,50,Bloque G-14 no encontrado.
189,G-14,37.0,20.7,50,Bloque G-14 no encontrado.
190,G-14,42.5,23.8,50,Bloque G-14 no encontrado.
191,G-14,37.0,20.7,50,Bloque G-14 no encontrado.
192,G-14,42.5,23.8,50,Bloque G-14 no encontrado.
193,G-14,47.3,26.4,64,Bloque G-14 no encontrado.
194,G-14,42.5,23.8,50,Bloque G-14 no encontrado.
195,G-14,47.3,26.4,64,Bloque G-14 no encontrado.
196,G-14,42.5,23.8,50,Bloque G-14 no encontrado.
197,G-14,47.3,26.4,64,Bloque G-14 no encontrado.
198,G-14,42.5,23.8,50,Bloque G-14 no encontrado.
199,G-14,47.3,26.4,64,Bloque G-14 no encontrado.
200,G-14,54.4,30.4,64,Bloque G-14 no encontrado.
201,G-14,47.3,26.4,64,Bloque G-14 no encontrado.
202,G-14,42.5,23.8,50,Bloque G-14 no encontrado.
203,G-14,47.3,26.4,64,Bloque G-14 no encontrado.
204,G-14,42.5,23.8,50,Bloque G-14 no encontrado.
205,G-14,47.3,26.4,64,Bloque G-14 no encontrado.
206,G-14,42.5,23.8,50,Bloque G-14 no encontrado.
207,G-14,47.3,26.4,64,Bloque G-14 no encontrado.
208,G-14,42.5,23.8,50,Bloque G-14 no encontrado.
209,G-14,47.3,26.4,64,Bloque G-14 no encontrado.
211,G-14,47.3,26.4,64,Bloque G-14 no encontrado.
212,G-14,54.4,30.4,64,Bloque G-14 no encontrado.
213,G-14,47.3,26.4,64,Bloque G-14 no encontrado.
214,G-14,54.4,30.4,64,Bloque G-14 no encontrado.
215,G-14,47.3,26.4,64,Bloque G-14 no encontrado.
216,G-14,54.4,30.4,64,Bloque G-14 no encontrado.
217,G-14,37.4,20.9,50,Bloque G-14 no encontrado.
218,G-14,54.4,30.4,64,Bloque G-14 no encontrado.
219,G-14,37.4,20.9,50,Bloque G-14 no encontrado.
220,G-14,54.4,30.4,64,Bloque G-14 no encontrado.
221,G-14,37.4,20.9,50,Bloque G-14 no encontrado.
222,G-14,54.4,30.4,64,Bloque G-14 no encontrado.
223,G-14,37.4,20.9,50,Bloque G-14 no encontrado.
224,G-14,54.4,30.4,64,Bloque G-14 no encontrado.
225,G-14,37.4,20.9,50,Bloque G-14 no encontrado.
226,G-14,54.4,30.4,64,Bloque G-14 no encontrado.
227,G-14,37.4,20.9,50,Bloque G-14 no encontrado.
228,G-14,54.4,30.4,64,Bloque G-14 no encontrado.
229,G-14,37.0,20.7,50,Bloque G-14 no encontrado.
230,G-14,42.5,23.8,50,Bloque G-14 no encontrado.
231,G-14,47.3,26.4,64,Bloque G-14 no encontrado.
232,G-14,42.5,23.8,50,Bloque G-14 no encontrado.
233,G-14,37.0,20.7,50,Bloque G-14 no encontrado.
234,G-14,42.5,23.8,50,Bloque G-14 no encontrado.
235,G-14,47.3,26.4,64,Bloque G-14 no encontrado.
236,G-14,54.4,30.4,64,Bloque G-14 no encontrado.
237,G-14,37.0,20.7,50,Bloque G-14 no encontrado.
238,G-14,42.5,23.8,50,Bloque G-14 no encontrado.
239,G-14,37.0,20.7,50,Bloque G-14 no encontrado.
240,G-14,42.5,23.8,50,Bloque G-14 no encontrado.
242,G-14,42.5,23.8,50,Bloque G-14 no encontrado.
244,G-14,42.5,23.8,50,Bloque G-14 no encontrado.
246,G-14,42.5,23.8,50,Bloque G-14 no encontrado.
248,G-14,42.5,23.8,50,Bloque G-14 no encontrado.
250,G-14,42.5,23.8,50,Bloque G-14 no encontrado.
1,G-24,34.4,19.2,64,Bloque G-24 no encontrado.
2,G-24,34.4,19.2,64,Bloque G-24 no encontrado.
3,G-24,34.4,19.2,64,Bloque G-24 no encontrado.
4,G-24,34.4,19.2,64,Bloque G-24 no encontrado.
5,G-24,26.9,15.0,50,Bloque G-24 no encontrado.
6,G-24,26.9,15.0,50,Bloque G-24 no encontrado.
7,G-24,26.9,15.0,50,Bloque G-24 no encontrado.
8,G-24,26.9,15.0,50,Bloque G-24 no encontrado.
9,G-24,26.9,15.0,50,Bloque G-24 no encontrado.
10,G-24,26.9,15.0,50,Bloque G-24 no encontrado.
11,G-24,26.9,15.0,50,Bloque G-24 no encontrado.
12,G-24,34.4,19.2,64,Bloque G-24 no encontrado.
13,G-24,26.9,15.0,50,Bloque G-24 no encontrado.
14,G-24,34.4,19.2,64,Bloque G-24 no encontrado.
15,G-24,34.4,19.2,64,Bloque G-24 no encontrado.
16,G-24,26.9,15.0,50,Bloque G-24 no encontrado.
17,G-24,34.4,19.2,64,Bloque G-24 no encontrado.
18,G-24,26.9,15.0,50,Bloque G-24 no encontrado.
19,G-24,34.4,19.2,64,Bloque G-24 no encontrado.
20,G-24,26.9,15.0,50,Bloque G-24 no encontrado.
21,G-24,34.4,19.2,64,Bloque G-24 no encontrado.
22,G-24,26.9,15.0,50,Bloque G-24 no encontrado.
23,G-24,34.4,19.2,64,Bloque G-24 no encontrado.
24,G-24,26.9,15.0,50,Bloque G-24 no encontrado.
25,G-24,34.4,19.2,64,Bloque G-24 no encontrado.
26,G-24,26.9,15.0,50,Bloque G-24 no encontrado.
28,G-24,26.9,15.0,50,Bloque G-24 no encontrado.
29,G-24,26.9,15.0,50,Bloque G-24 no encontrado.
30,G-24,25.7,14.3,50,Bloque G-24 no encontrado.
31,G-24,26.9,15.0,50,Bloque G-24 no encontrado.
32,G-24,25.7,14.3,50,Bloque G-24 no encontrado.
33,G-24,26.9,15.0,50,Bloque G-24 no encontrado.
34,G-24,25.7,14.3,50,Bloque G-24 no encontrado.
35,G-24,26.9,15.0,50,Bloque G-24 no encontrado.
36,G-24,25.7,14.3,50,Bloque G-24 no encontrado.
37,G-24,26.9,15.0,50,Bloque G-24 no encontrado.
38,G-24,25.7,14.3,50,Bloque G-24 no encontrado.
39,G-24,26.9,15.0,50,Bloque G-24 no encontrado.
40,G-24,25.7,14.3,50,Bloque G-24 no encontrado.
41,G-24,26.9,15.0,50,Bloque G-24 no encontrado.
42,G-24,25.7,14.3,50,Bloque G-24 no encontrado.
43,G-24,34.4,19.2,64,Bloque G-24 no encontrado.
44,G-24,34.4,19.2,64,Bloque G-24 no encontrado.
45,G-24,34.4,19.2,64,Bloque G-24 no encontrado.
46,G-24,26.9,15.0,50,Bloque G-24 no encontrado.
47,G-24,26.9,15.0,50,Bloque G-24 no encontrado.
48,G-24,26.9,15.0,50,Bloque G-24 no encontrado.
49,G-24,34.4,19.2,64,Bloque G-24 no encontrado.
50,G-24,26.9,15.0,50,Bloque G-24 no encontrado.
51,G-24,34.4,19.2,64,Bloque G-24 no encontrado.
52,G-24,26.9,15.0,50,Bloque G-24 no encontrado.
53,G-24,34.4,19.2,64,Bloque G-24 no encontrado.
54,G-24,26.9,15.0,50,Bloque G-24 no encontrado.
56,G-24,26.9,15.0,50,Bloque G-24 no encontrado.
57,G-24,34.4,19.2,64,Bloque G-24 no encontrado.
58,G-24,34.4,19.2,64,Bloque G-24 no encontrado.
59,G-24,34.4,19.2,64,Bloque G-24 no encontrado.
60,G-24,26.9,15.0,50,Bloque G-24 no encontrado.
61,G-24,34.4,19.2,64,Bloque G-24 no encontrado.
62,G-24,26.9,15.0,50,Bloque G-24 no encontrado.
63,G-24,34.4,19.2,64,Bloque G-24 no encontrado.
64,G-24,26.9,15.0,50,Bloque G-24 no encontrado.
65,G-24,34.4,19.2,64,Bloque G-24 no encontrado.
66,G-24,26.9,15.0,50,Bloque G-24 no encontrado.
67,G-24,34.4,19.2,64,Bloque G-24 no encontrado.
68,G-24,26.9,15.0,50,Bloque G-24 no encontrado.
70,G-24,26.9,15.0,50,Bloque G-24 no encontrado.
72,G-24,34.4,19.2,64,Bloque G-24 no encontrado.
73,G-24,34.4,19.2,64,Bloque G-24 no encontrado.
74,G-24,34.4,19.2,64,Bloque G-24 no encontrado.
75,G-24,34.4,19.2,64,Bloque G-24 no encontrado.
76,G-24,34.4,19.2,64,Bloque G-24 no encontrado.
77,G-24,34.4,19.2,64,Bloque G-24 no encontrado.
78,G-24,34.4,19.2,64,Bloque G-24 no encontrado.
79,G-24,34.4,19.2,64,Bloque G-24 no encontrado.
80,G-24,34.4,19.2,64,Bloque G-24 no encontrado.
81,G-24,34.4,19.2,64,Bloque G-24 no encontrado.
82,G-24,34.4,19.2,64,Bloque G-24 no encontrado.
83,G-24,34.4,19.2,64,Bloque G-24 no encontrado.
86,G-24,25.7,14.3,50,Bloque G-24 no encontrado.
87,G-24,34.4,19.2,64,Bloque G-24 no encontrado.
88,G-24,25.7,14.3,50,Bloque G-24 no encontrado.
89,G-24,34.4,19.2,64,Bloque G-24 no encontrado.
91,G-24,26.9,15.0,50,Bloque G-24 no encontrado.
92,G-24,25.7,14.3,50,Bloque G-24 no encontrado.
93,G-24,26.9,15.0,50,Bloque G-24 no encontrado.
94,G-24,25.7,14.3,50,Bloque G-24 no encontrado.
95,G-24,26.9,15.0,50,Bloque G-24 no encontrado.
96,G-24,25.7,14.3,50,Bloque G-24 no encontrado.
97,G-24,26.9,15.0,50,Bloque G-24 no encontrado.
98,G-24,32.8,18.3,64,Bloque G-24 no encontrado.
99,G-24,26.9,15.0,50,Bloque G-24 no encontrado.
100,G-24,34.4,19.2,64,Bloque G-24 no encontrado.
101,G-24,26.9,15.0,50,Bloque G-24 no encontrado.
102,G-24,26.9,15.0,50,Bloque G-24 no encontrado.
103,G-24,26.9,15.0,50,Bloque G-24 no encontrado.
104,G-24,26.9,15.0,50,Bloque G-24 no encontrado.
105,G-24,26.9,15.0,50,Bloque G-24 no encontrado.
106,G-24,34.4,19.2,64,Bloque G-24 no encontrado.
107,G-24,26.9,15.0,50,Bloque G-24 no encontrado.
108,G-24,34.4,19.2,64,Bloque G-24 no encontrado.
109,G-24,26.9,15.0,50,Bloque G-24 no encontrado.
111,G-24,34.4,19.2,64,Bloque G-24 no encontrado.
112,G-24,34.4,19.2,64,Bloque G-24 no encontrado.
113,G-24,34.4,19.2,64,Bloque G-24 no encontrado.
114,G-24,34.4,19.2,64,Bloque G-24 no encontrado.
115,G-24,34.4,19.2,64,Bloque G-24 no encontrado.
116,G-24,34.4,19.2,64,Bloque G-24 no encontrado.
117,G-24,34.4,19.2,64,Bloque G-24 no encontrado.
118,G-24,34.4,19.2,64,Bloque G-24 no encontrado.
119,G-24,34.4,19.2,64,Bloque G-24 no encontrado.
120,G-24,34.4,19.2,64,Bloque G-24 no encontrado.
122,G-24,34.4,19.2,64,Bloque G-24 no encontrado.
123,G-24,34.4,19.2,64,Bloque G-24 no encontrado.
124,G-24,34.4,19.2,64,Bloque G-24 no encontrado.
125,G-24,34.4,19.2,64,Bloque G-24 no encontrado.
127,G-24,34.4,19.2,64,Bloque G-24 no encontrado.
128,G-24,34.4,19.2,64,Bloque G-24 no encontrado.
129,G-24,34.4,19.2,64,Bloque G-24 no encontrado.
130,G-24,34.4,19.2,64,Bloque G-24 no encontrado.
131,G-24,34.4,19.2,64,Bloque G-24 no encontrado.
132,G-24,34.4,19.2,64,Bloque G-24 no encontrado.
133,G-24,34.4,19.2,64,Bloque G-24 no encontrado.
134,G-24,34.4,19.2,64,Bloque G-24 no encontrado.
135,G-24,34.4,19.2,64,Bloque G-24 no encontrado.
136,G-24,34.4,19.2,64,Bloque G-24 no encontrado.
137,G-24,34.4,19.2,64,Bloque G-24 no encontrado.
138,G-24,34.4,19.2,64,Bloque G-24 no encontrado.
141,G-24,34.4,19.2,64,Bloque G-24 no encontrado.
142,G-24,32.8,18.3,64,Bloque G-24 no encontrado.
143,G-24,34.4,19.2,64,Bloque G-24 no encontrado.
144,G-24,32.8,18.3,64,Bloque G-24 no encontrado.
145,G-24,34.4,19.2,64,Bloque G-24 no encontrado.
146,G-24,32.8,18.3,64,Bloque G-24 no encontrado.
147,G-24,34.4,19.2,64,Bloque G-24 no encontrado.
148,G-24,32.8,18.3,64,Bloque G-24 no encontrado.
149,G-24,34.4,19.2,64,Bloque G-24 no encontrado.
150,G-24,32.8,18.3,64,Bloque G-24 no encontrado.
151,G-24,34.4,19.2,64,Bloque G-24 no encontrado.
152,G-24,32.8,18.3,64,Bloque G-24 no encontrado.
153,G-24,34.4,19.2,64,Bloque G-24 no encontrado.
155,G-24,34.4,19.2,64,Bloque G-24 no encontrado.
156,G-24,34.4,19.2,64,Bloque G-24 no encontrado.
157,G-24,34.4,19.2,64,Bloque G-24 no encontrado.
158,G-24,34.4,19.2,64,Bloque G-24 no encontrado.
159,G-24,34.4,19.2,64,Bloque G-24 no encontrado.
161,G-24,34.4,19.2,64,Bloque G-24 no encontrado.
162,G-24,34.4,19.2,64,Bloque G-24 no encontrado.
164,G-24,34.4,19.2,64,Bloque G-24 no encontrado.
165,G-24,34.4,19.2,64,Bloque G-24 no encontrado.
166,G-24,34.4,19.2,64,Bloque G-24 no encontrado.
167,G-24,34.4,19.2,64,Bloque G-24 no encontrado.
168,G-24,26.9,15.0,50,Bloque G-24 no encontrado.
169,G-24,34.4,19.2,64,Bloque G-24 no encontrado.
170,G-24,26.9,15.0,50,Bloque G-24 no encontrado.
171,G-24,34.4,19.2,64,Bloque G-24 no encontrado.
172,G-24,34.4,19.2,64,Bloque G-24 no encontrado.
173,G-24,34.4,19.2,64,Bloque G-24 no encontrado.
174,G-24,34.4,19.2,64,Bloque G-24 no encontrado.
175,G-24,34.4,19.2,64,Bloque G-24 no encontrado.
177,G-24,34.4,19.2,64,Bloque G-24 no encontrado.
178,G-24,34.4,19.2,64,Bloque G-24 no encontrado.
179,G-24,34.4,19.2,64,Bloque G-24 no encontrado.
180,G-24,34.4,19.2,64,Bloque G-24 no encontrado.
183,G-24,26.9,15.0,50,Bloque G-24 no encontrado.
184,G-24,34.4,19.2,64,Bloque G-24 no encontrado.
185,G-24,26.9,15.0,50,Bloque G-24 no encontrado.
186,G-24,34.4,19.2,64,Bloque G-24 no encontrado.
187,G-24,26.9,15.0,50,Bloque G-24 no encontrado.
188,G-24,34.4,19.2,64,Bloque G-24 no encontrado.
189,G-24,26.9,15.0,50,Bloque G-24 no encontrado.
190,G-24,34.4,19.2,64,Bloque G-24 no encontrado.
191,G-24,26.9,15.0,50,Bloque G-24 no encontrado.
192,G-24,34.4,19.2,64,Bloque G-24 no encontrado.
194,G-24,34.4,19.2,64,Bloque G-24 no encontrado.
195,G-24,26.9,15.0,50,Bloque G-24 no encontrado.
196,G-24,34.4,19.2,64,Bloque G-24 no encontrado.
197,G-24,26.9,15.0,50,Bloque G-24 no encontrado.
198,G-24,34.4,19.2,64,Bloque G-24 no encontrado.
199,G-24,34.4,19.2,64,Bloque G-24 no encontrado.
200,G-24,32.8,18.3,64,Bloque G-24 no encontrado.
201,G-24,34.4,19.2,64,Bloque G-24 no encontrado.
202,G-24,25.7,14.3,50,Bloque G-24 no encontrado.
203,G-24,34.4,19.2,64,Bloque G-24 no encontrado.
204,G-24,32.8,18.3,64,Bloque G-24 no encontrado.
205,G-24,34.4,19.2,64,Bloque G-24 no encontrado.
206,G-24,32.8,18.3,64,Bloque G-24 no encontrado.
207,G-24,34.4,19.2,64,Bloque G-24 no encontrado.
210,G-24,26.9,15.0,50,Bloque G-24 no encontrado.
213,G-24,34.4,19.2,64,Bloque G-24 no encontrado.
214,G-24,34.4,19.2,64,Bloque G-24 no encontrado.
216,G-24,34.4,19.2,64,Bloque G-24 no encontrado.
218,G-24,34.4,19.2,64,Bloque G-24 no encontrado.
219,G-24,34.4,19.2,64,Bloque G-24 no encontrado.
220,G-24,34.4,19.2,64,Bloque G-24 no encontrado.
221,G-24,34.4,19.2,64,Bloque G-24 no encontrado.
223,G-24,34.4,19.2,64,Bloque G-24 no encontrado.
225,G-24,34.4,19.2,64,Bloque G-24 no encontrado.
226,G-24,34.4,19.2,64,Bloque G-24 no encontrado.
227,G-24,34.4,19.2,64,Bloque G-24 no encontrado.
228,G-24,34.4,19.2,64,Bloque G-24 no encontrado.
229,G-24,34.4,19.2,64,Bloque G-24 no encontrado.
230,G-24,34.4,19.2,64,Bloque G-24 no encontrado.
231,G-24,34.4,19.2,64,Bloque G-24 no encontrado.
232,G-24,34.4,19.2,64,Bloque G-24 no encontrado.
234,G-24,26.9,15.0,50,Bloque G-24 no encontrado.
235,G-24,34.4,19.2,64,Bloque G-24 no encontrado.
236,G-24,26.9,15.0,50,Bloque G-24 no encontrado.
238,G-24,26.9,15.0,50,Bloque G-24 no encontrado.
239,G-24,34.4,19.2,64,Bloque G-24 no encontrado.
240,G-24,26.9,15.0,50,Bloque G-24 no encontrado.
241,G-24,34.4,19.2,64,Bloque G-24 no encontrado.
242,G-24,34.4,19.2,64,Bloque G-24 no encontrado.
243,G-24,34.4,19.2,64,Bloque G-24 no encontrado.
244,G-24,34.4,19.2,64,Bloque G-24 no encontrado.
245,G-24,34.4,19.2,64,Bloque G-24 no encontrado.
246,G-24,34.4,19.2,64,Bloque G-24 no encontrado.
247,G-24,34.4,19.2,64,Bloque G-24 no encontrado.
248,G-24,34.4,19.2,64,Bloque G-24 no encontrado.
249,G-24,34.4,19.2,64,Bloque G-24 no encontrado.
250,G-24,34.4,19.2,64,Bloque G-24 no encontrado.
253,G-24,34.4,19.2,64,Bloque G-24 no encontrado.
254,G-24,25.7,14.3,50,Bloque G-24 no encontrado.
255,G-24,34.4,19.2,64,Bloque G-24 no encontrado.
256,G-24,25.7,14.3,50,Bloque G-24 no encontrado.
257,G-24,34.4,19.2,64,Bloque G-24 no encontrado.
258,G-24,25.7,14.3,50,Bloque G-24 no encontrado.
259,G-24,34.4,19.2,64,Bloque G-24 no encontrado.
260,G-24,25.7,14.3,50,Bloque G-24 no encontrado.
261,G-24,34.4,19.2,64,Bloque G-24 no encontrado.
262,G-24,32.8,18.3,64,Bloque G-24 no encontrado.
263,G-24,34.4,19.2,64,Bloque G-24 no encontrado.
264,G-24,25.7,14.3,50,Bloque G-24 no encontrado.
265,G-24,34.4,19.2,64,Bloque G-24 no encontrado.
266,G-24,25.7,14.3,50,Bloque G-24 no encontrado.
267,G-24,34.4,19.2,64,Bloque G-24 no encontrado.
268,G-24,26.9,15.0,50,Bloque G-24 no encontrado.
269,G-24,34.4,19.2,64,Bloque G-24 no encontrado.
270,G-24,26.9,15.0,50,Bloque G-24 no encontrado.
271,G-24,34.4,19.2,64,Bloque G-24 no encontrado.
272,G-24,26.9,15.0,50,Bloque G-24 no encontrado.
273,G-24,34.4,19.2,64,Bloque G-24 no encontrado.
274,G-24,26.9,15.0,50,Bloque G-24 no encontrado.
275,G-24,34.4,19.2,64,Bloque G-24 no encontrado.
276,G-24,26.9,15.0,50,Bloque G-24 no encontrado.
277,G-24,34.4,19.2,64,Bloque G-24 no encontrado.
278,G-24,26.9,15.0,50,Bloque G-24 no encontrado.
279,G-24,34.4,19.2,64,Bloque G-24 no encontrado.
280,G-24,26.9,15.0,50,Bloque G-24 no encontrado.
281,G-24,34.4,19.2,64,Bloque G-24 no encontrado.
282,G-24,26.9,15.0,50,Bloque G-24 no encontrado.
283,G-24,34.4,19.2,64,Bloque G-24 no encontrado.
284,G-24,26.9,15.0,50,Bloque G-24 no encontrado.
285,G-24,34.4,19.2,64,Bloque G-24 no encontrado.
286,G-24,26.9,15.0,50,Bloque G-24 no encontrado.
287,G-24,34.4,19.2,64,Bloque G-24 no encontrado.
288,G-24,26.9,15.0,50,Bloque G-24 no encontrado.
289,G-24,34.4,19.2,64,Bloque G-24 no encontrado.
290,G-24,26.9,15.0,50,Bloque G-24 no encontrado.
291,G-24,34.4,19.2,64,Bloque G-24 no encontrado.
292,G-24,26.9,15.0,50,Bloque G-24 no encontrado.
294,G-24,26.9,15.0,50,Bloque G-24 no encontrado.
295,G-24,34.4,19.2,64,Bloque G-24 no encontrado.
296,G-24,26.9,15.0,50,Bloque G-24 no encontrado.
297,G-24,34.4,19.2,64,Bloque G-24 no encontrado.
298,G-24,34.4,19.2,64,Bloque G-24 no encontrado.
299,G-24,34.4,19.2,64,Bloque G-24 no encontrado.
300,G-24,34.4,19.2,64,Bloque G-24 no encontrado.
301,G-24,34.4,19.2,64,Bloque G-24 no encontrado.
302,G-24,34.4,19.2,64,Bloque G-24 no encontrado.
303,G-24,34.4,19.2,64,Bloque G-24 no encontrado.
304,G-24,34.4,19.2,64,Bloque G-24 no encontrado.
305,G-24,34.4,19.2,64,Bloque G-24 no encontrado.
306,G-24,34.4,19.2,64,Bloque G-24 no encontrado.
309,G-24,34.4,19.2,64,Bloque G-24 no encontrado.
310,G-24,25.7,14.3,50,Bloque G-24 no encontrado.
311,G-24,34.4,19.2,64,Bloque G-24 no encontrado.
312,G-24,25.7,14.3,50,Bloque G-24 no encontrado.
313,G-24,34.4,19.2,64,Bloque G-24 no encontrado.
314,G-24,25.7,14.3,50,Bloque G-24 no encontrado.
315,G-24,34.4,19.2,64,Bloque G-24 no encontrado.
316,G-24,25.7,14.3,50,Bloque G-24 no encontrado.
317,G-24,34.4,19.2,64,Bloque G-24 no encontrado.
318,G-24,32.8,18.3,64,Bloque G-24 no encontrado.
319,G-24,26.9,15.0,50,Bloque G-24 no encontrado.
320,G-24,32.8,18.3,64,Bloque G-24 no encontrado.
321,G-24,34.4,19.2,64,Bloque G-24 no encontrado.
322,G-24,25.7,14.3,50,Bloque G-24 no encontrado.
324,G-24,34.4,19.2,64,Bloque G-24 no encontrado.
325,G-24,34.4,19.2,64,Bloque G-24 no encontrado.
326,G-24,34.4,19.2,64,Bloque G-24 no encontrado.
327,G-24,34.4,19.2,64,Bloque G-24 no encontrado.
328,G-24,34.4,19.2,64,Bloque G-24 no encontrado.
329,G-24,34.4,19.2,64,Bloque G-24 no encontrado.
330,G-24,34.4,19.2,64,Bloque G-24 no encontrado.
331,G-24,34.4,19.2,64,Bloque G-24 no encontrado.
332,G-24,34.4,19.2,64,Bloque G-24 no encontrado.
333,G-24,34.4,19.2,64,Bloque G-24 no encontrado.
334,G-24,34.4,19.2,64,Bloque G-24 no encontrado.
335,G-24,34.4,19.2,64,Bloque G-24 no encontrado.
336,G-24,26.9,15.0,50,Bloque G-24 no encontrado.
337,G-24,34.4,19.2,64,Bloque G-24 no encontrado.
338,G-24,26.9,15.0,50,Bloque G-24 no encontrado.
339,G-24,34.4,19.2,64,Bloque G-24 no encontrado.
340,G-24,26.9,15.0,50,Bloque G-24 no encontrado.
342,G-24,26.9,15.0,50,Bloque G-24 no encontrado.
343,G-24,34.4,19.2,64,Bloque G-24 no encontrado.
344,G-24,26.9,15.0,50,Bloque G-24 no encontrado.
346,G-24,26.9,15.0,50,Bloque G-24 no encontrado.
347,G-24,34.4,19.2,64,Bloque G-24 no encontrado.
348,G-24,34.4,19.2,64,Bloque G-24 no encontrado.
350,G-24,26.9,15.0,50,Bloque G-24 no encontrado.
351,G-24,34.4,19.2,64,Bloque G-24 no encontrado.
352,G-24,26.9,15.0,50,Bloque G-24 no encontrado.
353,G-24,34.4,19.2,64,Bloque G-24 no encontrado.
354,G-24,26.9,15.0,50,Bloque G-24 no encontrado.
355,G-24,34.4,19.2,64,Bloque G-24 no encontrado.
356,G-24,26.9,15.0,50,Bloque G-24 no encontrado.
357,G-24,34.4,19.2,64,Bloque G-24 no encontrado.
358,G-24,26.9,15.0,50,Bloque G-24 no encontrado.
359,G-24,34.4,19.2,64,Bloque G-24 no encontrado.
360,G-24,26.9,15.0,50,Bloque G-24 no encontrado.
361,G-24,34.4,19.2,64,Bloque G-24 no encontrado.
362,G-24,26.9,15.0,50,Bloque G-24 no encontrado.
364,G-24,34.4,19.2,64,Bloque G-24 no encontrado.
365,G-24,34.4,19.2,64,Bloque G-24 no encontrado.
367,G-24,34.4,19.2,64,Bloque G-24 no encontrado.
368,G-24,34.4,19.2,64,Bloque G-24 no encontrado.
369,G-24,34.4,19.2,64,Bloque G-24 no encontrado.
370,G-24,34.4,19.2,64,Bloque G-24 no encontrado.
371,G-24,34.4,19.2,64,Bloque G-24 no encontrado.
372,G-24,34.4,19.2,64,Bloque G-24 no encontrado.
373,G-24,26.9,15.0,50,Bloque G-24 no encontrado.
374,G-24,34.4,19.2,64,Bloque G-24 no encontrado.
375,G-24,26.9,15.0,50,Bloque G-24 no encontrado.
376,G-24,34.4,19.2,64,Bloque G-24 no encontrado.
377,G-24,26.9,15.0,50,Bloque G-24 no encontrado.
378,G-24,34.4,19.2,64,Bloque G-24 no encontrado.
379,G-24,26.9,15.0,50,Bloque G-24 no encontrado.
380,G-24,34.4,19.2,64,Bloque G-24 no encontrado.
381,G-24,26.9,15.0,50,Bloque G-24 no encontrado.
382,G-24,34.4,19.2,64,Bloque G-24 no encontrado.
383,G-24,26.9,15.0,50,Bloque G-24 no encontrado.
384,G-24,34.4,19.2,64,Bloque G-24 no encontrado.
385,G-24,26.9,15.0,50,Bloque G-24 no encontrado.
386,G-24,34.4,19.2,64,Bloque G-24 no encontrado.
387,G-24,26.9,15.0,50,Bloque G-24 no encontrado.
388,G-24,34.4,19.2,64,Bloque G-24 no encontrado.
389,G-24,26.9,15.0,50,Bloque G-24 no encontrado.
390,G-24,34.4,19.2,64,Bloque G-24 no encontrado.
391,G-24,26.9,15.0,50,Bloque G-24 no encontrado.
392,G-24,34.4,19.2,64,Bloque G-24 no encontrado.
393,G-24,34.4,19.2,64,Bloque G-24 no encontrado.
394,G-24,34.4,19.2,64,Bloque G-24 no encontrado.
395,G-24,34.4,19.2,64,Bloque G-24 no encontrado.
396,G-24,34.4,19.2,64,Bloque G-24 no encontrado.
397,G-24,26.9,15.0,50,Bloque G-24 no encontrado.
398,G-24,34.4,19.2,64,Bloque G-24 no encontrado.
399,G-24,26.9,15.0,50,Bloque G-24 no encontrado.
400,G-24,34.4,19.2,64,Bloque G-24 no encontrado.
405,G-24,34.4,19.2,64,Bloque G-24 no encontrado.
406,G-24,34.4,19.2,64,Bloque G-24 no encontrado.
6,G-25,34.4,19.2,64,Bloque G-25 no encontrado.
10,G-25,34.4,19.2,64,Bloque G-25 no encontrado.
12,G-25,26.9,15.0,50,Bloque G-25 no encontrado.
13,G-25,26.9,15.0,50,Bloque G-25 no encontrado.
15,G-25,26.9,15.0,50,Bloque G-25 no encontrado.
22,G-25,34.4,19.2,64,Bloque G-25 no encontrado.
24,G-25,34.4,19.2,64,Bloque G-25 no encontrado.
25,G-25,26.9,15.0,50,Bloque G-25 no encontrado.
26,G-25,26.9,15.0,50,Bloque G-25 no encontrado.
27,G-25,34.4,19.2,64,Bloque G-25 no encontrado.
29,G-25,34.4,19.2,64,Bloque G-25 no encontrado.
40,G-25,26.9,15.0,50,Bloque G-25 no encontrado.
41,G-25,26.9,15.0,50,Bloque G-25 no encontrado.
42,G-25,26.9,15.0,50,Bloque G-25 no encontrado.
44,G-25,26.9,15.0,50,Bloque G-25 no encontrado.
51,G-25,34.4,19.2,64,Bloque G-25 no encontrado.
53,G-25,34.4,19.2,64,Bloque G-25 no encontrado.
54,G-25,26.9,15.0,50,Bloque G-25 no encontrado.
55,G-25,34.4,19.2,64,Bloque G-25 no encontrado.
56,G-25,34.4,19.2,64,Bloque G-25 no encontrado.
58,G-25,34.4,19.2,64,Bloque G-25 no encontrado.
59,G-25,34.4,19.2,64,Bloque G-25 no encontrado.
60,G-25,34.4,19.2,64,Bloque G-25 no encontrado.
61,G-25,34.4,19.2,64,Bloque G-25 no encontrado.
62,G-25,26.9,15.0,50,Bloque G-25 no encontrado.
64,G-25,26.9,15.0,50,Bloque G-25 no encontrado.
66,G-25,26.9,15.0,50,Bloque G-25 no encontrado.
67,G-25,26.9,15.0,50,Bloque G-25 no encontrado.
68,G-25,26.9,15.0,50,Bloque G-25 no encontrado.
69,G-25,26.9,15.0,50,Bloque G-25 no encontrado.
76,G-25,34.4,19.2,64,Bloque G-25 no encontrado.
88,G-25,25.9,14.5,50,Bloque G-25 no encontrado.
91,G-25,34.4,19.2,64,Bloque G-25 no encontrado.
92,G-25,34.4,19.2,64,Bloque G-25 no encontrado.
93,G-25,34.4,19.2,64,Bloque G-25 no encontrado.
100,G-25,34.4,19.2,64,Bloque G-25 no encontrado.
104,G-25,34.4,19.2,64,Bloque G-25 no encontrado.
108,G-25,34.4,19.2,64,Bloque G-25 no encontrado.
117,G-25,26.9,15.0,50,Bloque G-25 no encontrado.
118,G-25,26.9,15.0,50,Bloque G-25 no encontrado.
119,G-25,26.9,15.0,50,Bloque G-25 no encontrado.
120,G-25,26.9,15.0,50,Bloque G-25 no encontrado.
121,G-25,26.9,15.0,50,Bloque G-25 no encontrado.
122,G-25,26.9,15.0,50,Bloque G-25 no encontrado.
131,G-25,34.4,19.2,64,Bloque G-25 no encontrado.
133,G-25,34.4,19.2,64,Bloque G-25 no encontrado.
134,G-25,33.1,18.5,64,Bloque G-25 no encontrado.
135,G-25,34.4,19.2,64,Bloque G-25 no encontrado.
136,G-25,33.1,18.5,64,Bloque G-25 no encontrado.
138,G-25,33.1,18.5,64,Bloque G-25 no encontrado.
144,G-25,34.4,19.2,64,Bloque G-25 no encontrado.
146,G-25,26.9,15.0,50,Bloque G-25 no encontrado.
147,G-25,26.9,15.0,50,Bloque G-25 no encontrado.
148,G-25,34.4,19.2,64,Bloque G-25 no encontrado.
149,G-25,26.9,15.0,50,Bloque G-25 no encontrado.
151,G-25,26.9,15.0,50,Bloque G-25 no encontrado.
153,G-25,26.9,15.0,50,Bloque G-25 no encontrado.
155,G-25,26.9,15.0,50,Bloque G-25 no encontrado.
157,G-25,26.9,15.0,50,Bloque G-25 no encontrado.
158,G-25,34.4,19.2,64,Bloque G-25 no encontrado.
159,G-25,26.9,15.0,50,Bloque G-25 no encontrado.
164,G-25,26.9,15.0,50,Bloque G-25 no encontrado.
168,G-25,34.4,19.2,64,Bloque G-25 no encontrado.
174,G-25,34.4,19.2,64,Bloque G-25 no encontrado.
176,G-25,34.4,19.2,64,Bloque G-25 no encontrado.
184,G-25,33.1,18.5,64,Bloque G-25 no encontrado.
190,G-25,33.1,18.5,64,Bloque G-25 no encontrado.
192,G-25,33.1,18.5,64,Bloque G-25 no encontrado.
194,G-25,33.1,18.5,64,Bloque G-25 no encontrado.
200,G-25,26.9,15.0,50,Bloque G-25 no encontrado.
202,G-25,26.9,15.0,50,Bloque G-25 no encontrado.
204,G-25,34.4,19.2,64,Bloque G-25 no encontrado.
207,G-25,34.4,19.2,64,Bloque G-25 no encontrado.
209,G-25,34.4,19.2,64,Bloque G-25 no encontrado.
210,G-25,34.4,19.2,64,Bloque G-25 no encontrado.
211,G-25,34.4,19.2,64,Bloque G-25 no encontrado.
212,G-25,34.4,19.2,64,Bloque G-25 no encontrado.
213,G-25,26.9,15.0,50,Bloque G-25 no encontrado.
215,G-25,26.9,15.0,50,Bloque G-25 no encontrado.
216,G-25,34.4,19.2,64,Bloque G-25 no encontrado.
219,G-25,34.4,19.2,64,Bloque G-25 no encontrado.
223,G-25,34.4,19.2,64,Bloque G-25 no encontrado.
225,G-25,26.9,15.0,50,Bloque G-25 no encontrado.
227,G-25,26.9,15.0,50,Bloque G-25 no encontrado.
229,G-25,34.4,19.2,64,Bloque G-25 no encontrado.
231,G-25,34.4,19.2,64,Bloque G-25 no encontrado.
233,G-25,26.9,15.0,50,Bloque G-25 no encontrado.
235,G-25,34.4,19.2,64,Bloque G-25 no encontrado.
237,G-25,26.9,15.0,50,Bloque G-25 no encontrado.
239,G-25,26.9,15.0,50,Bloque G-25 no encontrado.
240,G-25,25.9,14.5,50,Bloque G-25 no encontrado.
241,G-25,26.9,15.0,50,Bloque G-25 no encontrado.
242,G-25,25.9,14.5,50,Bloque G-25 no encontrado.
243,G-25,26.9,15.0,50,Bloque G-25 no encontrado.
245,G-25,34.4,19.2,64,Bloque G-25 no encontrado.
246,G-25,33.1,18.5,64,Bloque G-25 no encontrado.
247,G-25,34.4,19.2,64,Bloque G-25 no encontrado.
249,G-25,26.9,15.0,50,Bloque G-25 no encontrado.
251,G-25,26.9,15.0,50,Bloque G-25 no encontrado.
254,G-25,34.4,19.2,64,Bloque G-25 no encontrado.
256,G-25,26.9,15.0,50,Bloque G-25 no encontrado.
257,G-25,26.9,15.0,50,Bloque G-25 no encontrado.
259,G-25,34.4,19.2,64,Bloque G-25 no encontrado.
260,G-25,34.4,19.2,64,Bloque G-25 no encontrado.
261,G-25,34.4,19.2,64,Bloque G-25 no encontrado.
268,G-25,34.4,19.2,64,Bloque G-25 no encontrado.
269,G-25,34.4,19.2,64,Bloque G-25 no encontrado.
271,G-25,26.9,15.0,50,Bloque G-25 no encontrado.
275,G-25,26.9,15.0,50,Bloque G-25 no encontrado.
276,G-25,26.9,15.0,50,Bloque G-25 no encontrado.
278,G-25,26.9,15.0,50,Bloque G-25 no encontrado.
279,G-25,34.4,19.2,64,Bloque G-25 no encontrado.
280,G-25,26.9,15.0,50,Bloque G-25 no encontrado.
282,G-25,26.9,15.0,50,Bloque G-25 no encontrado.
284,G-25,26.9,15.0,50,Bloque G-25 no encontrado.
287,G-25,34.4,19.2,64,Bloque G-25 no encontrado.
289,G-25,34.4,19.2,64,Bloque G-25 no encontrado.
291,G-25,34.4,19.2,64,Bloque G-25 no encontrado.
293,G-25,26.9,15.0,50,Bloque G-25 no encontrado.
294,G-25,33.1,18.5,64,Bloque G-25 no encontrado.
296,G-25,33.1,18.5,64,Bloque G-25 no encontrado.
297,G-25,34.4,19.2,64,Bloque G-25 no encontrado.
299,G-25,34.4,19.2,64,Bloque G-25 no encontrado.
301,G-25,34.4,19.2,64,Bloque G-25 no encontrado.
303,G-25,26.9,15.0,50,Bloque G-25 no encontrado.
304,G-25,26.9,15.0,50,Bloque G-25 no encontrado.
305,G-25,26.9,15.0,50,Bloque G-25 no encontrado.
307,G-25,26.9,15.0,50,Bloque G-25 no encontrado.
309,G-25,26.9,15.0,50,Bloque G-25 no encontrado.
310,G-25,34.4,19.2,64,Bloque G-25 no encontrado.
312,G-25,34.4,19.2,64,Bloque G-25 no encontrado.
315,G-25,34.4,19.2,64,Bloque G-25 no encontrado.
316,G-25,34.4,19.2,64,Bloque G-25 no encontrado.
317,G-25,34.4,19.2,64,Bloque G-25 no encontrado.
318,G-25,34.4,19.2,64,Bloque G-25 no encontrado.
319,G-25,34.4,19.2,64,Bloque G-25 no encontrado.
320,G-25,34.4,19.2,64,Bloque G-25 no encontrado.
321,G-25,26.9,15.0,50,Bloque G-25 no encontrado.
322,G-25,34.4,19.2,64,Bloque G-25 no encontrado.
324,G-25,34.4,19.2,64,Bloque G-25 no encontrado.
325,G-25,34.4,19.2,64,Bloque G-25 no encontrado.
326,G-25,34.4,19.2,64,Bloque G-25 no encontrado.
327,G-25,34.4,19.2,64,Bloque G-25 no encontrado.
328,G-25,34.4,19.2,64,Bloque G-25 no encontrado.
334,G-25,26.9,15.0,50,Bloque G-25 no encontrado.
336,G-25,26.9,15.0,50,Bloque G-25 no encontrado.
338,G-25,34.4,19.2,64,Bloque G-25 no encontrado.
339,G-25,34.4,19.2,64,Bloque G-25 no encontrado.
340,G-25,33.1,18.5,64,Bloque G-25 no encontrado.
341,G-25,26.9,15.0,50,Bloque G-25 no encontrado.
345,G-25,34.4,19.2,64,Bloque G-25 no encontrado.
346,G-25,33.1,18.5,64,Bloque G-25 no encontrado.
348,G-25,33.1,18.5,64,Bloque G-25 no encontrado.
350,G-25,33.1,18.5,64,Bloque G-25 no encontrado.
352,G-25,34.4,19.2,64,Bloque G-25 no encontrado.
354,G-25,34.4,19.2,64,Bloque G-25 no encontrado.
355,G-25,26.9,15.0,50,Bloque G-25 no encontrado.
357,G-25,26.9,15.0,50,Bloque G-25 no encontrado.
362,G-25,34.4,19.2,64,Bloque G-25 no encontrado.
363,G-25,26.9,15.0,50,Bloque G-25 no encontrado.
365,G-25,26.9,15.0,50,Bloque G-25 no encontrado.
366,G-25,34.4,19.2,64,Bloque G-25 no encontrado.
372,G-25,34.4,19.2,64,Bloque G-25 no encontrado.
1,G-27,34.4,19.2,64,Bloque G-27 no encontrado.
2,G-27,34.8,19.5,64,Bloque G-27 no encontrado.
3,G-27,34.4,19.2,64,Bloque G-27 no encontrado.
4,G-27,34.8,19.5,64,Bloque G-27 no encontrado.
5,G-27,34.4,19.2,64,Bloque G-27 no encontrado.
6,G-27,34.8,19.5,64,Bloque G-27 no encontrado.
7,G-27,34.4,19.2,64,Bloque G-27 no encontrado.
8,G-27,34.8,19.5,64,Bloque G-27 no encontrado.
9,G-27,34.4,19.2,64,Bloque G-27 no encontrado.
10,G-27,34.8,19.5,64,Bloque G-27 no encontrado.
11,G-27,34.4,19.2,64,Bloque G-27 no encontrado.
12,G-27,34.8,19.5,64,Bloque G-27 no encontrado.
16,G-27,34.8,19.5,64,Bloque G-27 no encontrado.
18,G-27,34.8,19.5,64,Bloque G-27 no encontrado.
19,G-27,34.4,19.2,64,Bloque G-27 no encontrado.
20,G-27,34.8,19.5,64,Bloque G-27 no encontrado.
21,G-27,34.4,19.2,64,Bloque G-27 no encontrado.
22,G-27,34.8,19.5,64,Bloque G-27 no encontrado.
23,G-27,34.4,19.2,64,Bloque G-27 no encontrado.
24,G-27,34.8,19.5,64,Bloque G-27 no encontrado.
25,G-27,34.4,19.2,64,Bloque G-27 no encontrado.
26,G-27,34.8,19.5,64,Bloque G-27 no encontrado.
27,G-27,34.4,19.2,64,Bloque G-27 no encontrado.
29,G-27,34.4,19.2,64,Bloque G-27 no encontrado.
30,G-27,34.8,19.5,64,Bloque G-27 no encontrado.
31,G-27,34.4,19.2,64,Bloque G-27 no encontrado.
33,G-27,34.4,19.2,64,Bloque G-27 no encontrado.
34,G-27,34.8,19.5,64,Bloque G-27 no encontrado.
35,G-27,34.4,19.2,64,Bloque G-27 no encontrado.
36,G-27,34.8,19.5,64,Bloque G-27 no encontrado.
37,G-27,26.9,15.0,50,Bloque G-27 no encontrado.
38,G-27,34.8,19.5,64,Bloque G-27 no encontrado.
39,G-27,26.9,15.0,50,Bloque G-27 no encontrado.
40,G-27,34.8,19.5,64,Bloque G-27 no encontrado.
41,G-27,34.4,19.2,64,Bloque G-27 no encontrado.
42,G-27,34.8,19.5,64,Bloque G-27 no encontrado.
43,G-27,26.9,15.0,50,Bloque G-27 no encontrado.
44,G-27,27.2,15.2,50,Bloque G-27 no encontrado.
45,G-27,26.9,15.0,50,Bloque G-27 no encontrado.
46,G-27,27.2,15.2,50,Bloque G-27 no encontrado.
47,G-27,34.4,19.2,64,Bloque G-27 no encontrado.
48,G-27,27.2,15.2,50,Bloque G-27 no encontrado.
49,G-27,34.4,19.2,64,Bloque G-27 no encontrado.
50,G-27,27.2,15.2,50,Bloque G-27 no encontrado.
51,G-27,34.4,19.2,64,Bloque G-27 no encontrado.
52,G-27,27.2,15.2,50,Bloque G-27 no encontrado.
53,G-27,34.4,19.2,64,Bloque G-27 no encontrado.
54,G-27,34.8,19.5,64,Bloque G-27 no encontrado.
55,G-27,34.4,19.2,64,Bloque G-27 no encontrado.
56,G-27,34.8,19.5,64,Bloque G-27 no encontrado.
57,G-27,34.4,19.2,64,Bloque G-27 no encontrado.
59,G-27,34.4,19.2,64,Bloque G-27 no encontrado.
60,G-27,34.8,19.5,64,Bloque G-27 no encontrado.
61,G-27,34.4,19.2,64,Bloque G-27 no encontrado.
62,G-27,34.8,19.5,64,Bloque G-27 no encontrado.
63,G-27,34.4,19.2,64,Bloque G-27 no encontrado.
64,G-27,34.8,19.5,64,Bloque G-27 no encontrado.
65,G-27,26.9,15.0,50,Bloque G-27 no encontrado.
66,G-27,27.2,15.2,50,Bloque G-27 no encontrado.
68,G-27,27.2,15.2,50,Bloque G-27 no encontrado.
70,G-27,27.2,15.2,50,Bloque G-27 no encontrado.
73,G-27,34.4,19.2,64,Bloque G-27 no encontrado.
74,G-27,27.2,15.2,50,Bloque G-27 no encontrado.
75,G-27,34.4,19.2,64,Bloque G-27 no encontrado.
76,G-27,27.2,15.2,50,Bloque G-27 no encontrado.
77,G-27,26.9,15.0,50,Bloque G-27 no encontrado.
78,G-27,27.2,15.2,50,Bloque G-27 no encontrado.
79,G-27,26.9,15.0,50,Bloque G-27 no encontrado.
80,G-27,27.2,15.2,50,Bloque G-27 no encontrado.
81,G-27,26.9,15.0,50,Bloque G-27 no encontrado.
82,G-27,27.2,15.2,50,Bloque G-27 no encontrado.
83,G-27,26.9,15.0,50,Bloque G-27 no encontrado.
84,G-27,27.2,15.2,50,Bloque G-27 no encontrado.
85,G-27,26.9,15.0,50,Bloque G-27 no encontrado.
86,G-27,27.2,15.2,50,Bloque G-27 no encontrado.
87,G-27,26.9,15.0,50,Bloque G-27 no encontrado.
88,G-27,27.2,15.2,50,Bloque G-27 no encontrado.
89,G-27,34.4,19.2,64,Bloque G-27 no encontrado.
90,G-27,27.2,15.2,50,Bloque G-27 no encontrado.
91,G-27,34.4,19.2,64,Bloque G-27 no encontrado.
92,G-27,27.2,15.2,50,Bloque G-27 no encontrado.
93,G-27,34.4,19.2,64,Bloque G-27 no encontrado.
94,G-27,27.2,15.2,50,Bloque G-27 no encontrado.
95,G-27,34.4,19.2,64,Bloque G-27 no encontrado.
96,G-27,27.2,15.2,50,Bloque G-27 no encontrado.
98,G-27,27.2,15.2,50,Bloque G-27 no encontrado.
99,G-27,26.9,15.0,50,Bloque G-27 no encontrado.
100,G-27,27.2,15.2,50,Bloque G-27 no encontrado.
101,G-27,26.9,15.0,50,Bloque G-27 no encontrado.
102,G-27,27.2,15.2,50,Bloque G-27 no encontrado.
103,G-27,26.9,15.0,50,Bloque G-27 no encontrado.
104,G-27,27.2,15.2,50,Bloque G-27 no encontrado.
105,G-27,26.9,15.0,50,Bloque G-27 no encontrado.
106,G-27,27.2,15.2,50,Bloque G-27 no encontrado.
107,G-27,26.9,15.0,50,Bloque G-27 no encontrado.
108,G-27,27.2,15.2,50,Bloque G-27 no encontrado.
109,G-27,26.9,15.0,50,Bloque G-27 no encontrado.
110,G-27,27.2,15.2,50,Bloque G-27 no encontrado.
111,G-27,26.9,15.0,50,Bloque G-27 no encontrado.
112,G-27,27.2,15.2,50,Bloque G-27 no encontrado.
114,G-27,34.8,19.5,64,Bloque G-27 no encontrado.
115,G-27,34.4,19.2,64,Bloque G-27 no encontrado.
116,G-27,34.8,19.5,64,Bloque G-27 no encontrado.
118,G-27,34.8,19.5,64,Bloque G-27 no encontrado.
120,G-27,34.8,19.5,64,Bloque G-27 no encontrado.
121,G-27,34.4,19.2,64,Bloque G-27 no encontrado.
122,G-27,34.8,19.5,64,Bloque G-27 no encontrado.
123,G-27,26.9,15.0,50,Bloque G-27 no encontrado.
124,G-27,34.8,19.5,64,Bloque G-27 no encontrado.
125,G-27,26.9,15.0,50,Bloque G-27 no encontrado.
126,G-27,34.8,19.5,64,Bloque G-27 no encontrado.
128,G-27,34.8,19.5,64,Bloque G-27 no encontrado.
129,G-27,26.9,15.0,50,Bloque G-27 no encontrado.
130,G-27,34.8,19.5,64,Bloque G-27 no encontrado.
131,G-27,26.9,15.0,50,Bloque G-27 no encontrado.
132,G-27,27.2,15.2,50,Bloque G-27 no encontrado.
133,G-27,26.9,15.0,50,Bloque G-27 no encontrado.
134,G-27,27.2,15.2,50,Bloque G-27 no encontrado.
135,G-27,26.9,15.0,50,Bloque G-27 no encontrado.
136,G-27,27.2,15.2,50,Bloque G-27 no encontrado.
137,G-27,26.9,15.0,50,Bloque G-27 no encontrado.
139,G-27,26.9,15.0,50,Bloque G-27 no encontrado.
142,G-27,34.8,19.5,64,Bloque G-27 no encontrado.
143,G-27,34.4,19.2,64,Bloque G-27 no encontrado.
144,G-27,27.2,15.2,50,Bloque G-27 no encontrado.
145,G-27,34.4,19.2,64,Bloque G-27 no encontrado.
146,G-27,27.2,15.2,50,Bloque G-27 no encontrado.
147,G-27,34.4,19.2,64,Bloque G-27 no encontrado.
148,G-27,27.2,15.2,50,Bloque G-27 no encontrado.
149,G-27,34.4,19.2,64,Bloque G-27 no encontrado.
150,G-27,34.8,19.5,64,Bloque G-27 no encontrado.
151,G-27,34.4,19.2,64,Bloque G-27 no encontrado.
152,G-27,27.2,15.2,50,Bloque G-27 no encontrado.
153,G-27,26.9,15.0,50,Bloque G-27 no encontrado.
155,G-27,26.9,15.0,50,Bloque G-27 no encontrado.
156,G-27,34.8,19.5,64,Bloque G-27 no encontrado.
157,G-27,26.9,15.0,50,Bloque G-27 no encontrado.
158,G-27,27.2,15.2,50,Bloque G-27 no encontrado.
159,G-27,26.9,15.0,50,Bloque G-27 no encontrado.
160,G-27,27.2,15.2,50,Bloque G-27 no encontrado.
161,G-27,26.9,15.0,50,Bloque G-27 no encontrado.
162,G-27,27.2,15.2,50,Bloque G-27 no encontrado.
163,G-27,26.9,15.0,50,Bloque G-27 no encontrado.
164,G-27,27.2,15.2,50,Bloque G-27 no encontrado.
165,G-27,26.9,15.0,50,Bloque G-27 no encontrado.
167,G-27,26.9,15.0,50,Bloque G-27 no encontrado.
169,G-27,26.9,15.0,50,Bloque G-27 no encontrado.
170,G-27,27.2,15.2,50,Bloque G-27 no encontrado.
171,G-27,34.4,19.2,64,Bloque G-27 no encontrado.
172,G-27,27.2,15.2,50,Bloque G-27 no encontrado.
173,G-27,34.4,19.2,64,Bloque G-27 no encontrado.
174,G-27,27.2,15.2,50,Bloque G-27 no encontrado.
175,G-27,34.4,19.2,64,Bloque G-27 no encontrado.
176,G-27,34.8,19.5,64,Bloque G-27 no encontrado.
177,G-27,34.4,19.2,64,Bloque G-27 no encontrado.
178,G-27,34.8,19.5,64,Bloque G-27 no encontrado.
179,G-27,34.4,19.2,64,Bloque G-27 no encontrado.
180,G-27,34.8,19.5,64,Bloque G-27 no encontrado.
182,G-27,34.8,19.5,64,Bloque G-27 no encontrado.
183,G-27,26.9,15.0,50,Bloque G-27 no encontrado.
184,G-27,27.2,15.2,50,Bloque G-27 no encontrado.
185,G-27,26.9,15.0,50,Bloque G-27 no encontrado.
186,G-27,34.8,19.5,64,Bloque G-27 no encontrado.
187,G-27,26.9,15.0,50,Bloque G-27 no encontrado.
188,G-27,34.8,19.5,64,Bloque G-27 no encontrado.
189,G-27,26.9,15.0,50,Bloque G-27 no encontrado.
191,G-27,26.9,15.0,50,Bloque G-27 no encontrado.
192,G-27,34.8,19.5,64,Bloque G-27 no encontrado.
193,G-27,26.9,15.0,50,Bloque G-27 no encontrado.
194,G-27,34.8,19.5,64,Bloque G-27 no encontrado.
195,G-27,26.9,15.0,50,Bloque G-27 no encontrado.
196,G-27,27.2,15.2,50,Bloque G-27 no encontrado.
197,G-27,26.9,15.0,50,Bloque G-27 no encontrado.
198,G-27,27.2,15.2,50,Bloque G-27 no encontrado.
199,G-27,26.9,15.0,50,Bloque G-27 no encontrado.
200,G-27,27.2,15.2,50,Bloque G-27 no encontrado.
201,G-27,34.4,19.2,64,Bloque G-27 no encontrado.
202,G-27,27.2,15.2,50,Bloque G-27 no encontrado.
203,G-27,34.4,19.2,64,Bloque G-27 no encontrado.
204,G-27,27.2,15.2,50,Bloque G-27 no encontrado.
206,G-27,27.2,15.2,50,Bloque G-27 no encontrado.
207,G-27,26.9,15.0,50,Bloque G-27 no encontrado.
208,G-27,27.2,15.2,50,Bloque G-27 no encontrado.
210,G-27,27.2,15.2,50,Bloque G-27 no encontrado.
211,G-27,34.4,19.2,64,Bloque G-27 no encontrado.
212,G-27,34.8,19.5,64,Bloque G-27 no encontrado.
213,G-27,26.9,15.0,50,Bloque G-27 no encontrado.
214,G-27,27.2,15.2,50,Bloque G-27 no encontrado.
215,G-27,26.9,15.0,50,Bloque G-27 no encontrado.
216,G-27,27.2,15.2,50,Bloque G-27 no encontrado.
217,G-27,26.9,15.0,50,Bloque G-27 no encontrado.
218,G-27,27.2,15.2,50,Bloque G-27 no encontrado.
219,G-27,26.9,15.0,50,Bloque G-27 no encontrado.
220,G-27,27.2,15.2,50,Bloque G-27 no encontrado.
221,G-27,26.9,15.0,50,Bloque G-27 no encontrado.
222,G-27,27.2,15.2,50,Bloque G-27 no encontrado.
223,G-27,26.9,15.0,50,Bloque G-27 no encontrado.
224,G-27,27.2,15.2,50,Bloque G-27 no encontrado.
225,G-27,34.4,19.2,64,Bloque G-27 no encontrado.
226,G-27,27.2,15.2,50,Bloque G-27 no encontrado.
227,G-27,26.9,15.0,50,Bloque G-27 no encontrado.
228,G-27,27.2,15.2,50,Bloque G-27 no encontrado.
229,G-27,26.9,15.0,50,Bloque G-27 no encontrado.
230,G-27,27.2,15.2,50,Bloque G-27 no encontrado.
231,G-27,26.9,15.0,50,Bloque G-27 no encontrado.
232,G-27,27.2,15.2,50,Bloque G-27 no encontrado.
233,G-27,26.9,15.0,50,Bloque G-27 no encontrado.
234,G-27,27.2,15.2,50,Bloque G-27 no encontrado.
235,G-27,26.9,15.0,50,Bloque G-27 no encontrado.
236,G-27,34.8,19.5,64,Bloque G-27 no encontrado.
237,G-27,26.9,15.0,50,Bloque G-27 no encontrado.
238,G-27,34.8,19.5,64,Bloque G-27 no encontrado.
239,G-27,26.9,15.0,50,Bloque G-27 no encontrado.
240,G-27,27.2,15.2,50,Bloque G-27 no encontrado.
241,G-27,26.9,15.0,50,Bloque G-27 no encontrado.
242,G-27,34.8,19.5,64,Bloque G-27 no encontrado.
243,G-27,26.9,15.0,50,Bloque G-27 no encontrado.
244,G-27,34.8,19.5,64,Bloque G-27 no encontrado.
245,G-27,26.9,15.0,50,Bloque G-27 no encontrado.
246,G-27,34.8,19.5,64,Bloque G-27 no encontrado.
247,G-27,34.4,19.2,64,Bloque G-27 no encontrado.
248,G-27,34.8,19.5,64,Bloque G-27 no encontrado.
249,G-27,34.4,19.2,64,Bloque G-27 no encontrado.
250,G-27,34.8,19.5,64,Bloque G-27 no encontrado.
251,G-27,34.4,19.2,64,Bloque G-27 no encontrado.
252,G-27,27.2,15.2,50,Bloque G-27 no encontrado.
253,G-27,34.4,19.2,64,Bloque G-27 no encontrado.
254,G-27,27.2,15.2,50,Bloque G-27 no encontrado.
255,G-27,34.4,19.2,64,Bloque G-27 no encontrado.
256,G-27,27.2,15.2,50,Bloque G-27 no encontrado.
257,G-27,34.4,19.2,64,Bloque G-27 no encontrado.
258,G-27,27.2,15.2,50,Bloque G-27 no encontrado.
259,G-27,34.4,19.2,64,Bloque G-27 no encontrado.
260,G-27,34.8,19.5,64,Bloque G-27 no encontrado.
262,G-27,34.8,19.5,64,Bloque G-27 no encontrado.
263,G-27,26.9,15.0,50,Bloque G-27 no encontrado.
265,G-27,26.9,15.0,50,Bloque G-27 no encontrado.
266,G-27,27.2,15.2,50,Bloque G-27 no encontrado.
267,G-27,26.9,15.0,50,Bloque G-27 no encontrado.
268,G-27,27.2,15.2,50,Bloque G-27 no encontrado.
269,G-27,26.9,15.0,50,Bloque G-27 no encontrado.
271,G-27,26.9,15.0,50,Bloque G-27 no encontrado.
272,G-27,27.2,15.2,50,Bloque G-27 no encontrado.
273,G-27,26.9,15.0,50,Bloque G-27 no encontrado.
274,G-27,27.2,15.2,50,Bloque G-27 no encontrado.
275,G-27,26.9,15.0,50,Bloque G-27 no encontrado.
276,G-27,27.2,15.2,50,Bloque G-27 no encontrado.
277,G-27,26.9,15.0,50,Bloque G-27 no encontrado.
278,G-27,27.2,15.2,50,Bloque G-27 no encontrado.
279,G-27,26.9,15.0,50,Bloque G-27 no encontrado.
280,G-27,27.2,15.2,50,Bloque G-27 no encontrado.
281,G-27,34.4,19.2,64,Bloque G-27 no encontrado.
282,G-27,27.2,15.2,50,Bloque G-27 no encontrado.
283,G-27,34.4,19.2,64,Bloque G-27 no encontrado.
284,G-27,27.2,15.2,50,Bloque G-27 no encontrado.
285,G-27,34.4,19.2,64,Bloque G-27 no encontrado.
286,G-27,27.2,15.2,50,Bloque G-27 no encontrado.
287,G-27,34.4,19.2,64,Bloque G-27 no encontrado.
289,G-27,34.4,19.2,64,Bloque G-27 no encontrado.
290,G-27,27.2,15.2,50,Bloque G-27 no encontrado.
291,G-27,34.4,19.2,64,Bloque G-27 no encontrado.
292,G-27,27.2,15.2,50,Bloque G-27 no encontrado.
295,G-27,34.4,19.2,64,Bloque G-27 no encontrado.
296,G-27,27.2,15.2,50,Bloque G-27 no encontrado.
297,G-27,26.9,15.0,50,Bloque G-27 no encontrado.
299,G-27,26.9,15.0,50,Bloque G-27 no encontrado.
300,G-27,27.2,15.2,50,Bloque G-27 no encontrado.
301,G-27,34.4,19.2,64,Bloque G-27 no encontrado.
302,G-27,27.2,15.2,50,Bloque G-27 no encontrado.
303,G-27,34.4,19.2,64,Bloque G-27 no encontrado.
304,G-27,27.2,15.2,50,Bloque G-27 no encontrado.
305,G-27,34.4,19.2,64,Bloque G-27 no encontrado.
306,G-27,27.2,15.2,50,Bloque G-27 no encontrado.
307,G-27,26.9,15.0,50,Bloque G-27 no encontrado.
308,G-27,34.8,19.5,64,Bloque G-27 no encontrado.
310,G-27,34.8,19.5,64,Bloque G-27 no encontrado.
311,G-27,34.4,19.2,64,Bloque G-27 no encontrado.
312,G-27,34.8,19.5,64,Bloque G-27 no encontrado.
313,G-27,34.4,19.2,64,Bloque G-27 no encontrado.
314,G-27,34.8,19.5,64,Bloque G-27 no encontrado.
315,G-27,34.4,19.2,64,Bloque G-27 no encontrado.
316,G-27,34.8,19.5,64,Bloque G-27 no encontrado.
317,G-27,34.4,19.2,64,Bloque G-27 no encontrado.
318,G-27,27.2,15.2,50,Bloque G-27 no encontrado.
319,G-27,34.4,19.2,64,Bloque G-27 no encontrado.
320,G-27,27.2,15.2,50,Bloque G-27 no encontrado.
321,G-27,34.4,19.2,64,Bloque G-27 no encontrado.
322,G-27,34.8,19.5,64,Bloque G-27 no encontrado.
323,G-27,34.4,19.2,64,Bloque G-27 no encontrado.
324,G-27,27.2,15.2,50,Bloque G-27 no encontrado.
325,G-27,26.9,15.0,50,Bloque G-27 no encontrado.
326,G-27,34.8,19.5,64,Bloque G-27 no encontrado.
327,G-27,26.9,15.0,50,Bloque G-27 no encontrado.
328,G-27,34.8,19.5,64,Bloque G-27 no encontrado.
329,G-27,26.9,15.0,50,Bloque G-27 no encontrado.
330,G-27,27.2,15.2,50,Bloque G-27 no encontrado.
331,G-27,26.9,15.0,50,Bloque G-27 no encontrado.
333,G-27,26.9,15.0,50,Bloque G-27 no encontrado.
334,G-27,27.2,15.2,50,Bloque G-27 no encontrado.
335,G-27,26.9,15.0,50,Bloque G-27 no encontrado.
336,G-27,27.2,15.2,50,Bloque G-27 no encontrado.
337,G-27,26.9,15.0,50,Bloque G-27 no encontrado.
338,G-27,27.2,15.2,50,Bloque G-27 no encontrado.
339,G-27,26.9,15.0,50,Bloque G-27 no encontrado.
340,G-27,27.2,15.2,50,Bloque G-27 no encontrado.
341,G-27,26.9,15.0,50,Bloque G-27 no encontrado.
342,G-27,27.2,15.2,50,Bloque G-27 no encontrado.
343,G-27,26.9,15.0,50,Bloque G-27 no encontrado.
344,G-27,27.2,15.2,50,Bloque G-27 no encontrado.
345,G-27,26.9,15.0,50,Bloque G-27 no encontrado.
346,G-27,27.2,15.2,50,Bloque G-27 no encontrado.
347,G-27,26.9,15.0,50,Bloque G-27 no encontrado.
348,G-27,27.2,15.2,50,Bloque G-27 no encontrado.
349,G-27,26.9,15.0,50,Bloque G-27 no encontrado.
350,G-27,27.2,15.2,50,Bloque G-27 no encontrado.
351,G-27,26.9,15.0,50,Bloque G-27 no encontrado.
352,G-27,27.2,15.2,50,Bloque G-27 no encontrado.
353,G-27,26.9,15.0,50,Bloque G-27 no encontrado.
354,G-27,27.2,15.2,50,Bloque G-27 no encontrado.
355,G-27,26.9,15.0,50,Bloque G-27 no encontrado.
356,G-27,34.8,19.5,64,Bloque G-27 no encontrado.
357,G-27,26.9,15.0,50,Bloque G-27 no encontrado.
358,G-27,27.2,15.2,50,Bloque G-27 no encontrado.
359,G-27,26.9,15.0,50,Bloque G-27 no encontrado.
360,G-27,27.2,15.2,50,Bloque G-27 no encontrado.
361,G-27,26.9,15.0,50,Bloque G-27 no encontrado.
362,G-27,27.2,15.2,50,Bloque G-27 no encontrado.
363,G-27,26.9,15.0,50,Bloque G-27 no encontrado.
364,G-27,34.8,19.5,64,Bloque G-27 no encontrado.
366,G-27,34.8,19.5,64,Bloque G-27 no encontrado.
367,G-27,26.9,15.0,50,Bloque G-27 no encontrado.
369,G-27,26.9,15.0,50,Bloque G-27 no encontrado.
370,G-27,34.8,19.5,64,Bloque G-27 no encontrado.
371,G-27,26.9,15.0,50,Bloque G-27 no encontrado.
372,G-27,34.8,19.5,64,Bloque G-27 no encontrado.
373,G-27,26.9,15.0,50,Bloque G-27 no encontrado.
374,G-27,34.8,19.5,64,Bloque G-27 no encontrado.
375,G-27,34.4,19.2,64,Bloque G-27 no encontrado.
376,G-27,34.8,19.5,64,Bloque G-27 no encontrado.
377,G-27,34.4,19.2,64,Bloque G-27 no encontrado.
378,G-27,34.8,19.5,64,Bloque G-27 no encontrado.
379,G-27,34.4,19.2,64,Bloque G-27 no encontrado.
381,G-27,34.4,19.2,64,Bloque G-27 no encontrado.
382,G-27,34.8,19.5,64,Bloque G-27 no encontrado.
383,G-27,34.4,19.2,64,Bloque G-27 no encontrado.
384,G-27,34.8,19.5,64,Bloque G-27 no encontrado.
386,G-27,34.8,19.5,64,Bloque G-27 no encontrado.
387,G-27,34.4,19.2,64,Bloque G-27 no encontrado.
390,G-27,34.8,19.5,64,Bloque G-27 no encontrado.
391,G-27,34.4,19.2,64,Bloque G-27 no encontrado.
393,G-27,34.4,19.2,64,Bloque G-27 no encontrado.
394,G-27,34.8,19.5,64,Bloque G-27 no encontrado.
395,G-27,26.9,15.0,50,Bloque G-27 no encontrado.
396,G-27,27.2,15.2,50,Bloque G-27 no encontrado.
397,G-27,26.9,15.0,50,Bloque G-27 no encontrado.
398,G-27,34.8,19.5,64,Bloque G-27 no encontrado.
399,G-27,26.9,15.0,50,Bloque G-27 no encontrado.
400,G-27,34.8,19.5,64,Bloque G-27 no encontrado.
401,G-27,26.9,15.0,50,Bloque G-27 no encontrado.
402,G-27,34.8,19.5,64,Bloque G-27 no encontrado.
403,G-27,26.9,15.0,50,Bloque G-27 no encontrado.
404,G-27,34.8,19.5,64,Bloque G-27 no encontrado.
405,G-27,34.4,19.2,64,Bloque G-27 no encontrado.
406,G-27,27.2,15.2,50,Bloque G-27 no encontrado.
407,G-27,34.4,19.2,64,Bloque G-27 no encontrado.
408,G-27,34.8,19.5,64,Bloque G-27 no encontrado.
411,G-27,34.4,19.2,64,Bloque G-27 no encontrado.
414,G-27,27.2,15.2,50,Bloque G-27 no encontrado.
416,G-27,27.2,15.2,50,Bloque G-27 no encontrado.
418,G-27,27.2,15.2,50,Bloque G-27 no encontrado.
419,G-27,34.4,19.2,64,Bloque G-27 no encontrado.
420,G-27,27.2,15.2,50,Bloque G-27 no encontrado.
421,G-27,34.4,19.2,64,Bloque G-27 no encontrado.
422,G-27,27.2,15.2,50,Bloque G-27 no encontrado.
423,G-27,34.4,19.2,64,Bloque G-27 no encontrado.
424,G-27,27.2,15.2,50,Bloque G-27 no encontrado.
425,G-27,34.4,19.2,64,Bloque G-27 no encontrado.
426,G-27,27.2,15.2,50,Bloque G-27 no encontrado.
427,G-27,34.4,19.2,64,Bloque G-27 no encontrado.
428,G-27,27.2,15.2,50,Bloque G-27 no encontrado.
430,G-27,27.2,15.2,50,Bloque G-27 no encontrado.
431,G-27,26.9,15.0,50,Bloque G-27 no encontrado.
432,G-27,27.2,15.2,50,Bloque G-27 no encontrado.
433,G-27,26.9,15.0,50,Bloque G-27 no encontrado.
434,G-27,34.8,19.5,64,Bloque G-27 no encontrado.
435,G-27,26.9,15.0,50,Bloque G-27 no encontrado.
436,G-27,34.8,19.5,64,Bloque G-27 no encontrado.
437,G-27,26.9,15.0,50,Bloque G-27 no encontrado.
438,G-27,27.2,15.2,50,Bloque G-27 no encontrado.
439,G-27,26.9,15.0,50,Bloque G-27 no encontrado.
440,G-27,27.2,15.2,50,Bloque G-27 no encontrado.
441,G-27,26.9,15.0,50,Bloque G-27 no encontrado.
442,G-27,27.2,15.2,50,Bloque G-27 no encontrado.
445,G-27,26.9,15.0,50,Bloque G-27 no encontrado.
1,G-28,27.1,15.2,50,Bloque G-28 no encontrado.
2,G-28,26.9,15.0,50,Bloque G-28 no encontrado.
3,G-28,34.7,19.4,64,Bloque G-28 no encontrado.
4,G-28,34.4,19.2,64,Bloque G-28 no encontrado.
5,G-28,34.7,19.4,64,Bloque G-28 no encontrado.
6,G-28,34.4,19.2,64,Bloque G-28 no encontrado.
7,G-28,34.7,19.4,64,Bloque G-28 no encontrado.
8,G-28,34.4,19.2,64,Bloque G-28 no encontrado.
10,G-28,34.4,19.2,64,Bloque G-28 no encontrado.
11,G-28,34.7,19.4,64,Bloque G-28 no encontrado.
12,G-28,34.4,19.2,64,Bloque G-28 no encontrado.
15,G-28,34.7,19.4,64,Bloque G-28 no encontrado.
16,G-28,26.9,15.0,50,Bloque G-28 no encontrado.
17,G-28,34.7,19.4,64,Bloque G-28 no encontrado.
18,G-28,26.9,15.0,50,Bloque G-28 no encontrado.
20,G-28,26.9,15.0,50,Bloque G-28 no encontrado.
21,G-28,34.7,19.4,64,Bloque G-28 no encontrado.
22,G-28,26.9,15.0,50,Bloque G-28 no encontrado.
23,G-28,34.7,19.4,64,Bloque G-28 no encontrado.
24,G-28,26.9,15.0,50,Bloque G-28 no encontrado.
25,G-28,34.7,19.4,64,Bloque G-28 no encontrado.
26,G-28,26.9,15.0,50,Bloque G-28 no encontrado.
31,G-28,33.1,18.5,64,Bloque G-28 no encontrado.
33,G-28,33.1,18.5,64,Bloque G-28 no encontrado.
34,G-28,34.4,19.2,64,Bloque G-28 no encontrado.
36,G-28,34.4,19.2,64,Bloque G-28 no encontrado.
37,G-28,33.1,18.5,64,Bloque G-28 no encontrado.
38,G-28,34.4,19.2,64,Bloque G-28 no encontrado.
39,G-28,33.1,18.5,64,Bloque G-28 no encontrado.
41,G-28,34.7,19.4,64,Bloque G-28 no encontrado.
42,G-28,34.4,19.2,64,Bloque G-28 no encontrado.
44,G-28,34.4,19.2,64,Bloque G-28 no encontrado.
45,G-28,34.7,19.4,64,Bloque G-28 no encontrado.
46,G-28,34.4,19.2,64,Bloque G-28 no encontrado.
47,G-28,34.7,19.4,64,Bloque G-28 no encontrado.
49,G-28,34.7,19.4,64,Bloque G-28 no encontrado.
50,G-28,34.4,19.2,64,Bloque G-28 no encontrado.
51,G-28,34.7,19.4,64,Bloque G-28 no encontrado.
52,G-28,34.4,19.2,64,Bloque G-28 no encontrado.
54,G-28,34.4,19.2,64,Bloque G-28 no encontrado.
55,G-28,34.7,19.4,64,Bloque G-28 no encontrado.
57,G-28,34.7,19.4,64,Bloque G-28 no encontrado.
58,G-28,34.4,19.2,64,Bloque G-28 no encontrado.
59,G-28,34.7,19.4,64,Bloque G-28 no encontrado.
60,G-28,34.4,19.2,64,Bloque G-28 no encontrado.
61,G-28,34.7,19.4,64,Bloque G-28 no encontrado.
63,G-28,34.7,19.4,64,Bloque G-28 no encontrado.
64,G-28,34.4,19.2,64,Bloque G-28 no encontrado.
66,G-28,34.4,19.2,64,Bloque G-28 no encontrado.
67,G-28,34.7,19.4,64,Bloque G-28 no encontrado.
68,G-28,26.9,15.0,50,Bloque G-28 no encontrado.
69,G-28,27.1,15.2,50,Bloque G-28 no encontrado.
72,G-28,26.9,15.0,50,Bloque G-28 no encontrado.
73,G-28,34.7,19.4,64,Bloque G-28 no encontrado.
75,G-28,34.7,19.4,64,Bloque G-28 no encontrado.
76,G-28,34.4,19.2,64,Bloque G-28 no encontrado.
77,G-28,34.7,19.4,64,Bloque G-28 no encontrado.
78,G-28,26.9,15.0,50,Bloque G-28 no encontrado.
79,G-28,34.7,19.4,64,Bloque G-28 no encontrado.
81,G-28,34.7,19.4,64,Bloque G-28 no encontrado.
87,G-28,34.7,19.4,64,Bloque G-28 no encontrado.
88,G-28,34.4,19.2,64,Bloque G-28 no encontrado.
89,G-28,34.7,19.4,64,Bloque G-28 no encontrado.
90,G-28,34.4,19.2,64,Bloque G-28 no encontrado.
91,G-28,34.7,19.4,64,Bloque G-28 no encontrado.
92,G-28,34.4,19.2,64,Bloque G-28 no encontrado.
93,G-28,34.7,19.4,64,Bloque G-28 no encontrado.
94,G-28,34.4,19.2,64,Bloque G-28 no encontrado.
95,G-28,34.7,19.4,64,Bloque G-28 no encontrado.
99,G-28,34.7,19.4,64,Bloque G-28 no encontrado.
100,G-28,34.4,19.2,64,Bloque G-28 no encontrado.
101,G-28,34.7,19.4,64,Bloque G-28 no encontrado.
102,G-28,34.4,19.2,64,Bloque G-28 no encontrado.
103,G-28,34.7,19.4,64,Bloque G-28 no encontrado.
104,G-28,34.4,19.2,64,Bloque G-28 no encontrado.
105,G-28,34.7,19.4,64,Bloque G-28 no encontrado.
106,G-28,34.4,19.2,64,Bloque G-28 no encontrado.
107,G-28,34.7,19.4,64,Bloque G-28 no encontrado.
109,G-28,34.7,19.4,64,Bloque G-28 no encontrado.
112,G-28,26.9,15.0,50,Bloque G-28 no encontrado.
115,G-28,34.7,19.4,64,Bloque G-28 no encontrado.
117,G-28,34.7,19.4,64,Bloque G-28 no encontrado.
119,G-28,34.7,19.4,64,Bloque G-28 no encontrado.
120,G-28,34.4,19.2,64,Bloque G-28 no encontrado.
121,G-28,34.7,19.4,64,Bloque G-28 no encontrado.
122,G-28,34.4,19.2,64,Bloque G-28 no encontrado.
123,G-28,34.7,19.4,64,Bloque G-28 no encontrado.
124,G-28,34.4,19.2,64,Bloque G-28 no encontrado.
125,G-28,34.7,19.4,64,Bloque G-28 no encontrado.
128,G-28,34.4,19.2,64,Bloque G-28 no encontrado.
130,G-28,34.4,19.2,64,Bloque G-28 no encontrado.
132,G-28,34.4,19.2,64,Bloque G-28 no encontrado.
134,G-28,34.4,19.2,64,Bloque G-28 no encontrado.
135,G-28,34.7,19.4,64,Bloque G-28 no encontrado.
136,G-28,34.4,19.2,64,Bloque G-28 no encontrado.
137,G-28,34.7,19.4,64,Bloque G-28 no encontrado.
139,G-28,34.7,19.4,64,Bloque G-28 no encontrado.
144,G-28,34.4,19.2,64,Bloque G-28 no encontrado.
146,G-28,34.4,19.2,64,Bloque G-28 no encontrado.
147,G-28,33.1,18.5,64,Bloque G-28 no encontrado.
148,G-28,34.4,19.2,64,Bloque G-28 no encontrado.
149,G-28,33.1,18.5,64,Bloque G-28 no encontrado.
157,G-28,27.1,15.2,50,Bloque G-28 no encontrado.
159,G-28,34.7,19.4,64,Bloque G-28 no encontrado.
161,G-28,34.7,19.4,64,Bloque G-28 no encontrado.
163,G-28,34.7,19.4,64,Bloque G-28 no encontrado.
165,G-28,34.7,19.4,64,Bloque G-28 no encontrado.
166,G-28,26.9,15.0,50,Bloque G-28 no encontrado.
167,G-28,34.7,19.4,64,Bloque G-28 no encontrado.
171,G-28,34.7,19.4,64,Bloque G-28 no encontrado.
172,G-28,26.9,15.0,50,Bloque G-28 no encontrado.
174,G-28,26.9,15.0,50,Bloque G-28 no encontrado.
175,G-28,27.1,15.2,50,Bloque G-28 no encontrado.
177,G-28,27.1,15.2,50,Bloque G-28 no encontrado.
178,G-28,26.9,15.0,50,Bloque G-28 no encontrado.
179,G-28,27.1,15.2,50,Bloque G-28 no encontrado.
180,G-28,26.9,15.0,50,Bloque G-28 no encontrado.
181,G-28,34.7,19.4,64,Bloque G-28 no encontrado.
185,G-28,34.7,19.4,64,Bloque G-28 no encontrado.
186,G-28,34.4,19.2,64,Bloque G-28 no encontrado.
187,G-28,34.7,19.4,64,Bloque G-28 no encontrado.
188,G-28,34.4,19.2,64,Bloque G-28 no encontrado.
189,G-28,34.7,19.4,64,Bloque G-28 no encontrado.
190,G-28,34.4,19.2,64,Bloque G-28 no encontrado.
191,G-28,34.7,19.4,64,Bloque G-28 no encontrado.
194,G-28,34.4,19.2,64,Bloque G-28 no encontrado.
196,G-28,34.4,19.2,64,Bloque G-28 no encontrado.
198,G-28,34.4,19.2,64,Bloque G-28 no encontrado.
202,G-28,34.4,19.2,64,Bloque G-28 no encontrado.
212,G-28,34.4,19.2,64,Bloque G-28 no encontrado.
213,G-28,34.7,19.4,64,Bloque G-28 no encontrado.
216,G-28,34.4,19.2,64,Bloque G-28 no encontrado.
217,G-28,27.1,15.2,50,Bloque G-28 no encontrado.
218,G-28,34.4,19.2,64,Bloque G-28 no encontrado.
219,G-28,34.7,19.4,64,Bloque G-28 no encontrado.
220,G-28,34.4,19.2,64,Bloque G-28 no encontrado.
221,G-28,34.7,19.4,64,Bloque G-28 no encontrado.
222,G-28,34.4,19.2,64,Bloque G-28 no encontrado.
223,G-28,34.7,19.4,64,Bloque G-28 no encontrado.
230,G-28,34.4,19.2,64,Bloque G-28 no encontrado.
234,G-28,34.4,19.2,64,Bloque G-28 no encontrado.
240,G-28,26.9,15.0,50,Bloque G-28 no encontrado.
243,G-28,34.7,19.4,64,Bloque G-28 no encontrado.
244,G-28,34.4,19.2,64,Bloque G-28 no encontrado.
248,G-28,34.4,19.2,64,Bloque G-28 no encontrado.
250,G-28,34.4,19.2,64,Bloque G-28 no encontrado.
254,G-28,34.4,19.2,64,Bloque G-28 no encontrado.
255,G-28,33.1,18.5,64,Bloque G-28 no encontrado.
256,G-28,34.4,19.2,64,Bloque G-28 no encontrado.
257,G-28,33.1,18.5,64,Bloque G-28 no encontrado.
259,G-28,33.1,18.5,64,Bloque G-28 no encontrado.
260,G-28,34.4,19.2,64,Bloque G-28 no encontrado.
261,G-28,33.1,18.5,64,Bloque G-28 no encontrado.
262,G-28,34.4,19.2,64,Bloque G-28 no encontrado.
263,G-28,33.1,18.5,64,Bloque G-28 no encontrado.
265,G-28,33.1,18.5,64,Bloque G-28 no encontrado.
267,G-28,34.7,19.4,64,Bloque G-28 no encontrado.
268,G-28,34.4,19.2,64,Bloque G-28 no encontrado.
269,G-28,34.7,19.4,64,Bloque G-28 no encontrado.
270,G-28,26.9,15.0,50,Bloque G-28 no encontrado.
272,G-28,26.9,15.0,50,Bloque G-28 no encontrado.
273,G-28,27.1,15.2,50,Bloque G-28 no encontrado.
274,G-28,26.9,15.0,50,Bloque G-28 no encontrado.
275,G-28,27.1,15.2,50,Bloque G-28 no encontrado.
276,G-28,26.9,15.0,50,Bloque G-28 no encontrado.
277,G-28,27.1,15.2,50,Bloque G-28 no encontrado.
278,G-28,26.9,15.0,50,Bloque G-28 no encontrado.
279,G-28,27.1,15.2,50,Bloque G-28 no encontrado.
286,G-28,34.4,19.2,64,Bloque G-28 no encontrado.
292,G-28,34.4,19.2,64,Bloque G-28 no encontrado.
304,G-28,34.4,19.2,64,Bloque G-28 no encontrado.
311,G-28,34.7,19.4,64,Bloque G-28 no encontrado.
313,G-28,34.7,19.4,64,Bloque G-28 no encontrado.
315,G-28,34.7,19.4,64,Bloque G-28 no encontrado.
316,G-28,34.4,19.2,64,Bloque G-28 no encontrado.
317,G-28,34.7,19.4,64,Bloque G-28 no encontrado.
318,G-28,34.4,19.2,64,Bloque G-28 no encontrado.
319,G-28,34.7,19.4,64,Bloque G-28 no encontrado.
328,G-28,26.9,15.0,50,Bloque G-28 no encontrado.
330,G-28,26.9,15.0,50,Bloque G-28 no encontrado.
341,G-28,33.1,18.5,64,Bloque G-28 no encontrado.
343,G-28,33.1,18.5,64,Bloque G-28 no encontrado.
345,G-28,33.1,18.5,64,Bloque G-28 no encontrado.
346,G-28,26.9,15.0,50,Bloque G-28 no encontrado.
347,G-28,33.1,18.5,64,Bloque G-28 no encontrado.
348,G-28,26.9,15.0,50,Bloque G-28 no encontrado.
351,G-28,34.7,19.4,64,Bloque G-28 no encontrado.
355,G-28,34.7,19.4,64,Bloque G-28 no encontrado.
365,G-28,34.7,19.4,64,Bloque G-28 no encontrado.
366,G-28,34.4,19.2,64,Bloque G-28 no encontrado.
389,G-28,33.1,18.5,64,Bloque G-28 no encontrado.
391,G-28,33.1,18.5,64,Bloque G-28 no encontrado.
392,G-28,26.9,15.0,50,Bloque G-28 no encontrado.
393,G-28,34.7,19.4,64,Bloque G-28 no encontrado.
395,G-28,34.7,19.4,64,Bloque G-28 no encontrado.
396,G-28,26.9,15.0,50,Bloque G-28 no encontrado.
398,G-28,26.9,15.0,50,Bloque G-28 no encontrado.
400,G-28,26.9,15.0,50,Bloque G-28 no encontrado.
402,G-28,26.9,15.0,50,Bloque G-28 no encontrado.
403,G-28,34.7,19.4,64,Bloque G-28 no encontrado.
408,G-28,26.9,15.0,50,Bloque G-28 no encontrado.
411,G-28,34.7,19.4,64,Bloque G-28 no encontrado.
414,G-28,26.9,15.0,50,Bloque G-28 no encontrado.
415,G-28,34.7,19.4,64,Bloque G-28 no encontrado.
417,G-28,34.7,19.4,64,Bloque G-28 no encontrado.
418,G-28,26.9,15.0,50,Bloque G-28 no encontrado.
419,G-28,27.1,15.2,50,Bloque G-28 no encontrado.
420,G-28,26.9,15.0,50,Bloque G-28 no encontrado.
422,G-28,34.4,19.2,64,Bloque G-28 no encontrado.
423,G-28,33.1,18.5,64,Bloque G-28 no encontrado.
424,G-28,34.4,19.2,64,Bloque G-28 no encontrado.
426,G-28,34.4,19.2,64,Bloque G-28 no encontrado.
431,G-28,33.1,18.5,64,Bloque G-28 no encontrado.
433,G-28,33.1,18.5,64,Bloque G-28 no encontrado.
436,G-28,26.9,15.0,50,Bloque G-28 no encontrado.
438,G-28,26.9,15.0,50,Bloque G-28 no encontrado.
1,G-30,29.0,16.2,64,Bloque G-30 no encontrado.
2,G-30,26.8,15.0,50,Bloque G-30 no encontrado.
3,G-30,29.0,16.2,64,Bloque G-30 no encontrado.
4,G-30,26.8,15.0,50,Bloque G-30 no encontrado.
5,G-30,29.0,16.2,64,Bloque G-30 no encontrado.
6,G-30,26.8,15.0,50,Bloque G-30 no encontrado.
7,G-30,29.0,16.2,64,Bloque G-30 no encontrado.
8,G-30,34.3,19.1,64,Bloque G-30 no encontrado.
9,G-30,22.6,12.7,50,Bloque G-30 no encontrado.
10,G-30,34.3,19.1,64,Bloque G-30 no encontrado.
11,G-30,22.6,12.7,50,Bloque G-30 no encontrado.
12,G-30,26.8,15.0,50,Bloque G-30 no encontrado.
13,G-30,29.0,16.2,64,Bloque G-30 no encontrado.
14,G-30,34.3,19.1,64,Bloque G-30 no encontrado.
15,G-30,22.6,12.7,50,Bloque G-30 no encontrado.
16,G-30,26.8,15.0,50,Bloque G-30 no encontrado.
17,G-30,22.6,12.7,50,Bloque G-30 no encontrado.
18,G-30,26.8,15.0,50,Bloque G-30 no encontrado.
19,G-30,22.6,12.7,50,Bloque G-30 no encontrado.
20,G-30,26.8,15.0,50,Bloque G-30 no encontrado.
21,G-30,29.0,16.2,64,Bloque G-30 no encontrado.
22,G-30,26.8,15.0,50,Bloque G-30 no encontrado.
23,G-30,22.6,12.7,50,Bloque G-30 no encontrado.
24,G-30,26.8,15.0,50,Bloque G-30 no encontrado.
25,G-30,22.6,12.7,50,Bloque G-30 no encontrado.
26,G-30,26.8,15.0,50,Bloque G-30 no encontrado.
27,G-30,22.6,12.7,50,Bloque G-30 no encontrado.
28,G-30,26.8,15.0,50,Bloque G-30 no encontrado.
29,G-30,22.6,12.7,50,Bloque G-30 no encontrado.
30,G-30,26.8,15.0,50,Bloque G-30 no encontrado.
31,G-30,22.6,12.7,50,Bloque G-30 no encontrado.
32,G-30,26.8,15.0,50,Bloque G-30 no encontrado.
33,G-30,22.6,12.7,50,Bloque G-30 no encontrado.
34,G-30,26.8,15.0,50,Bloque G-30 no encontrado.
35,G-30,29.0,16.2,64,Bloque G-30 no encontrado.
36,G-30,26.8,15.0,50,Bloque G-30 no encontrado.
37,G-30,29.0,16.2,64,Bloque G-30 no encontrado.
38,G-30,26.8,15.0,50,Bloque G-30 no encontrado.
39,G-30,22.6,12.7,50,Bloque G-30 no encontrado.
40,G-30,26.8,15.0,50,Bloque G-30 no encontrado.
41,G-30,29.0,16.2,64,Bloque G-30 no encontrado.
42,G-30,26.8,15.0,50,Bloque G-30 no encontrado.
43,G-30,27.4,15.3,64,Bloque G-30 no encontrado.
44,G-30,26.8,15.0,50,Bloque G-30 no encontrado.
45,G-30,27.4,15.3,64,Bloque G-30 no encontrado.
46,G-30,26.8,15.0,50,Bloque G-30 no encontrado.
47,G-30,27.4,15.3,64,Bloque G-30 no encontrado.
48,G-30,26.8,15.0,50,Bloque G-30 no encontrado.
49,G-30,27.4,15.3,64,Bloque G-30 no encontrado.
50,G-30,26.8,15.0,50,Bloque G-30 no encontrado.
51,G-30,27.4,15.3,64,Bloque G-30 no encontrado.
52,G-30,26.8,15.0,50,Bloque G-30 no encontrado.
53,G-30,27.4,15.3,64,Bloque G-30 no encontrado.
54,G-30,26.8,15.0,50,Bloque G-30 no encontrado.
55,G-30,27.4,15.3,64,Bloque G-30 no encontrado.
56,G-30,26.8,15.0,50,Bloque G-30 no encontrado.
57,G-30,29.0,16.2,64,Bloque G-30 no encontrado.
58,G-30,26.8,15.0,50,Bloque G-30 no encontrado.
59,G-30,29.0,16.2,64,Bloque G-30 no encontrado.
60,G-30,26.8,15.0,50,Bloque G-30 no encontrado.
61,G-30,22.6,12.7,50,Bloque G-30 no encontrado.
62,G-30,26.8,15.0,50,Bloque G-30 no encontrado.
63,G-30,22.6,12.7,50,Bloque G-30 no encontrado.
64,G-30,26.8,15.0,50,Bloque G-30 no encontrado.
65,G-30,29.0,16.2,64,Bloque G-30 no encontrado.
66,G-30,26.8,15.0,50,Bloque G-30 no encontrado.
67,G-30,22.6,12.7,50,Bloque G-30 no encontrado.
68,G-30,26.8,15.0,50,Bloque G-30 no encontrado.
69,G-30,22.6,12.7,50,Bloque G-30 no encontrado.
70,G-30,26.8,15.0,50,Bloque G-30 no encontrado.
71,G-30,22.6,12.7,50,Bloque G-30 no encontrado.
72,G-30,26.8,15.0,50,Bloque G-30 no encontrado.
73,G-30,22.6,12.7,50,Bloque G-30 no encontrado.
74,G-30,26.8,15.0,50,Bloque G-30 no encontrado.
75,G-30,22.6,12.7,50,Bloque G-30 no encontrado.
76,G-30,26.8,15.0,50,Bloque G-30 no encontrado.
77,G-30,22.6,12.7,50,Bloque G-30 no encontrado.
78,G-30,26.8,15.0,50,Bloque G-30 no encontrado.
79,G-30,22.6,12.7,50,Bloque G-30 no encontrado.
80,G-30,34.3,19.1,64,Bloque G-30 no encontrado.
81,G-30,29.0,16.2,64,Bloque G-30 no encontrado.
82,G-30,26.8,15.0,50,Bloque G-30 no encontrado.
83,G-30,29.0,16.2,64,Bloque G-30 no encontrado.
84,G-30,26.8,15.0,50,Bloque G-30 no encontrado.
85,G-30,22.6,12.7,50,Bloque G-30 no encontrado.
86,G-30,26.8,15.0,50,Bloque G-30 no encontrado.
87,G-30,29.0,16.2,64,Bloque G-30 no encontrado.
88,G-30,26.8,15.0,50,Bloque G-30 no encontrado.
89,G-30,22.6,12.7,50,Bloque G-30 no encontrado.
90,G-30,26.8,15.0,50,Bloque G-30 no encontrado.
91,G-30,29.0,16.2,64,Bloque G-30 no encontrado.
92,G-30,26.8,15.0,50,Bloque G-30 no encontrado.
93,G-30,29.0,16.2,64,Bloque G-30 no encontrado.
94,G-30,26.8,15.0,50,Bloque G-30 no encontrado.
95,G-30,29.0,16.2,64,Bloque G-30 no encontrado.
96,G-30,26.8,15.0,50,Bloque G-30 no encontrado.
97,G-30,29.0,16.2,64,Bloque G-30 no encontrado.
98,G-30,26.8,15.0,50,Bloque G-30 no encontrado.
99,G-30,27.4,15.3,64,Bloque G-30 no encontrado.
100,G-30,26.8,15.0,50,Bloque G-30 no encontrado.
101,G-30,27.4,15.3,64,Bloque G-30 no encontrado.
102,G-30,26.8,15.0,50,Bloque G-30 no encontrado.
103,G-30,27.4,15.3,64,Bloque G-30 no encontrado.
104,G-30,26.8,15.0,50,Bloque G-30 no encontrado.
105,G-30,27.4,15.3,64,Bloque G-30 no encontrado.
106,G-30,26.8,15.0,50,Bloque G-30 no encontrado.
107,G-30,21.4,12.0,50,Bloque G-30 no encontrado.
108,G-30,26.8,15.0,50,Bloque G-30 no encontrado.
109,G-30,21.4,12.0,50,Bloque G-30 no encontrado.
110,G-30,26.8,15.0,50,Bloque G-30 no encontrado.
111,G-30,27.4,15.3,64,Bloque G-30 no encontrado.
112,G-30,26.8,15.0,50,Bloque G-30 no encontrado.
114,G-30,34.3,19.1,64,Bloque G-30 no encontrado.
115,G-30,29.0,16.2,64,Bloque G-30 no encontrado.
116,G-30,34.3,19.1,64,Bloque G-30 no encontrado.
117,G-30,29.0,16.2,64,Bloque G-30 no encontrado.
118,G-30,34.3,19.1,64,Bloque G-30 no encontrado.
119,G-30,29.0,16.2,64,Bloque G-30 no encontrado.
120,G-30,34.3,19.1,64,Bloque G-30 no encontrado.
121,G-30,29.0,16.2,64,Bloque G-30 no encontrado.
123,G-30,22.6,12.7,50,Bloque G-30 no encontrado.
124,G-30,26.8,15.0,50,Bloque G-30 no encontrado.
125,G-30,29.0,16.2,64,Bloque G-30 no encontrado.
126,G-30,26.8,15.0,50,Bloque G-30 no encontrado.
127,G-30,29.0,16.2,64,Bloque G-30 no encontrado.
128,G-30,26.8,15.0,50,Bloque G-30 no encontrado.
129,G-30,29.0,16.2,64,Bloque G-30 no encontrado.
130,G-30,26.8,15.0,50,Bloque G-30 no encontrado.
131,G-30,29.0,16.2,64,Bloque G-30 no encontrado.
132,G-30,26.8,15.0,50,Bloque G-30 no encontrado.
133,G-30,29.0,16.2,64,Bloque G-30 no encontrado.
134,G-30,34.3,19.1,64,Bloque G-30 no encontrado.
135,G-30,29.0,16.2,64,Bloque G-30 no encontrado.
136,G-30,34.3,19.1,64,Bloque G-30 no encontrado.
137,G-30,22.6,12.7,50,Bloque G-30 no encontrado.
138,G-30,26.8,15.0,50,Bloque G-30 no encontrado.
139,G-30,22.6,12.7,50,Bloque G-30 no encontrado.
140,G-30,26.8,15.0,50,Bloque G-30 no encontrado.
141,G-30,22.6,12.7,50,Bloque G-30 no encontrado.
142,G-30,26.8,15.0,50,Bloque G-30 no encontrado.
143,G-30,22.6,12.7,50,Bloque G-30 no encontrado.
144,G-30,26.8,15.0,50,Bloque G-30 no encontrado.
145,G-30,22.6,12.7,50,Bloque G-30 no encontrado.
146,G-30,26.8,15.0,50,Bloque G-30 no encontrado.
147,G-30,22.6,12.7,50,Bloque G-30 no encontrado.
148,G-30,26.8,15.0,50,Bloque G-30 no encontrado.
149,G-30,29.0,16.2,64,Bloque G-30 no encontrado.
150,G-30,26.8,15.0,50,Bloque G-30 no encontrado.
151,G-30,29.0,16.2,64,Bloque G-30 no encontrado.
152,G-30,26.8,15.0,50,Bloque G-30 no encontrado.
153,G-30,22.6,12.7,50,Bloque G-30 no encontrado.
154,G-30,26.8,15.0,50,Bloque G-30 no encontrado.
155,G-30,22.6,12.7,50,Bloque G-30 no encontrado.
156,G-30,34.3,19.1,64,Bloque G-30 no encontrado.
157,G-30,27.4,15.3,64,Bloque G-30 no encontrado.
158,G-30,34.3,19.1,64,Bloque G-30 no encontrado.
159,G-30,27.4,15.3,64,Bloque G-30 no encontrado.
160,G-30,34.3,19.1,64,Bloque G-30 no encontrado.
161,G-30,27.4,15.3,64,Bloque G-30 no encontrado.
162,G-30,34.3,19.1,64,Bloque G-30 no encontrado.
163,G-30,27.4,15.3,64,Bloque G-30 no encontrado.
164,G-30,34.3,19.1,64,Bloque G-30 no encontrado.
165,G-30,27.4,15.3,64,Bloque G-30 no encontrado.
166,G-30,34.3,19.1,64,Bloque G-30 no encontrado.
167,G-30,27.4,15.3,64,Bloque G-30 no encontrado.
168,G-30,34.3,19.1,64,Bloque G-30 no encontrado.
169,G-30,29.0,16.2,64,Bloque G-30 no encontrado.
170,G-30,34.3,19.1,64,Bloque G-30 no encontrado.
171,G-30,29.0,16.2,64,Bloque G-30 no encontrado.
172,G-30,34.3,19.1,64,Bloque G-30 no encontrado.
173,G-30,29.0,16.2,64,Bloque G-30 no encontrado.
174,G-30,34.3,19.1,64,Bloque G-30 no encontrado.
175,G-30,22.6,12.7,50,Bloque G-30 no encontrado.
176,G-30,34.3,19.1,64,Bloque G-30 no encontrado.
177,G-30,22.6,12.7,50,Bloque G-30 no encontrado.
178,G-30,34.3,19.1,64,Bloque G-30 no encontrado.
179,G-30,22.6,12.7,50,Bloque G-30 no encontrado.
180,G-30,34.3,19.1,64,Bloque G-30 no encontrado.
181,G-30,22.6,12.7,50,Bloque G-30 no encontrado.
182,G-30,34.3,19.1,64,Bloque G-30 no encontrado.
183,G-30,22.6,12.7,50,Bloque G-30 no encontrado.
184,G-30,34.3,19.1,64,Bloque G-30 no encontrado.
186,G-30,34.3,19.1,64,Bloque G-30 no encontrado.
187,G-30,29.0,16.2,64,Bloque G-30 no encontrado.
188,G-30,34.3,19.1,64,Bloque G-30 no encontrado.
189,G-30,29.0,16.2,64,Bloque G-30 no encontrado.
191,G-30,29.0,16.2,64,Bloque G-30 no encontrado.
193,G-30,29.0,16.2,64,Bloque G-30 no encontrado.
195,G-30,29.0,16.2,64,Bloque G-30 no encontrado.
196,G-30,34.3,19.1,64,Bloque G-30 no encontrado.
197,G-30,22.6,12.7,50,Bloque G-30 no encontrado.
198,G-30,34.3,19.1,64,Bloque G-30 no encontrado.
199,G-30,22.6,12.7,50,Bloque G-30 no encontrado.
200,G-30,34.3,19.1,64,Bloque G-30 no encontrado.
201,G-30,22.6,12.7,50,Bloque G-30 no encontrado.
202,G-30,34.3,19.1,64,Bloque G-30 no encontrado.
203,G-30,22.6,12.7,50,Bloque G-30 no encontrado.
204,G-30,34.3,19.1,64,Bloque G-30 no encontrado.
205,G-30,22.6,12.7,50,Bloque G-30 no encontrado.
206,G-30,34.3,19.1,64,Bloque G-30 no encontrado.
207,G-30,22.6,12.7,50,Bloque G-30 no encontrado.
212,G-30,34.3,19.1,64,Bloque G-30 no encontrado.
213,G-30,27.4,15.3,64,Bloque G-30 no encontrado.
214,G-30,34.3,19.1,64,Bloque G-30 no encontrado.
215,G-30,21.4,12.0,50,Bloque G-30 no encontrado.
216,G-30,26.8,15.0,50,Bloque G-30 no encontrado.
217,G-30,21.4,12.0,50,Bloque G-30 no encontrado.
218,G-30,26.8,15.0,50,Bloque G-30 no encontrado.
219,G-30,27.4,15.3,64,Bloque G-30 no encontrado.
220,G-30,26.8,15.0,50,Bloque G-30 no encontrado.
221,G-30,27.4,15.3,64,Bloque G-30 no encontrado.
222,G-30,26.8,15.0,50,Bloque G-30 no encontrado.
224,G-30,26.8,15.0,50,Bloque G-30 no encontrado.
225,G-30,29.0,16.2,64,Bloque G-30 no encontrado.
227,G-30,29.0,16.2,64,Bloque G-30 no encontrado.
228,G-30,34.3,19.1,64,Bloque G-30 no encontrado.
229,G-30,29.0,16.2,64,Bloque G-30 no encontrado.
230,G-30,34.3,19.1,64,Bloque G-30 no encontrado.
231,G-30,29.0,16.2,64,Bloque G-30 no encontrado.
232,G-30,34.3,19.1,64,Bloque G-30 no encontrado.
234,G-30,34.3,19.1,64,Bloque G-30 no encontrado.
235,G-30,22.6,12.7,50,Bloque G-30 no encontrado.
236,G-30,34.3,19.1,64,Bloque G-30 no encontrado.
237,G-30,29.0,16.2,64,Bloque G-30 no encontrado.
238,G-30,34.3,19.1,64,Bloque G-30 no encontrado.
239,G-30,29.0,16.2,64,Bloque G-30 no encontrado.
244,G-30,26.8,15.0,50,Bloque G-30 no encontrado.
245,G-30,22.6,12.7,50,Bloque G-30 no encontrado.
246,G-30,26.8,15.0,50,Bloque G-30 no encontrado.
247,G-30,29.0,16.2,64,Bloque G-30 no encontrado.
248,G-30,26.8,15.0,50,Bloque G-30 no encontrado.
249,G-30,22.6,12.7,50,Bloque G-30 no encontrado.
250,G-30,26.8,15.0,50,Bloque G-30 no encontrado.
251,G-30,22.6,12.7,50,Bloque G-30 no encontrado.
252,G-30,26.8,15.0,50,Bloque G-30 no encontrado.
253,G-30,22.6,12.7,50,Bloque G-30 no encontrado.
254,G-30,26.8,15.0,50,Bloque G-30 no encontrado.
255,G-30,22.6,12.7,50,Bloque G-30 no encontrado.
256,G-30,26.8,15.0,50,Bloque G-30 no encontrado.
257,G-30,22.6,12.7,50,Bloque G-30 no encontrado.
258,G-30,26.8,15.0,50,Bloque G-30 no encontrado.
259,G-30,22.6,12.7,50,Bloque G-30 no encontrado.
260,G-30,26.8,15.0,50,Bloque G-30 no encontrado.
261,G-30,22.6,12.7,50,Bloque G-30 no encontrado.
263,G-30,22.6,12.7,50,Bloque G-30 no encontrado.
265,G-30,22.6,12.7,50,Bloque G-30 no encontrado.
266,G-30,26.8,15.0,50,Bloque G-30 no encontrado.
267,G-30,21.4,12.0,50,Bloque G-30 no encontrado.
268,G-30,26.8,15.0,50,Bloque G-30 no encontrado.
269,G-30,21.4,12.0,50,Bloque G-30 no encontrado.
270,G-30,26.8,15.0,50,Bloque G-30 no encontrado.
271,G-30,21.4,12.0,50,Bloque G-30 no encontrado.
272,G-30,26.8,15.0,50,Bloque G-30 no encontrado.
273,G-30,21.4,12.0,50,Bloque G-30 no encontrado.
274,G-30,26.8,15.0,50,Bloque G-30 no encontrado.
275,G-30,21.4,12.0,50,Bloque G-30 no encontrado.
276,G-30,26.8,15.0,50,Bloque G-30 no encontrado.
277,G-30,21.4,12.0,50,Bloque G-30 no encontrado.
278,G-30,34.3,19.1,64,Bloque G-30 no encontrado.
279,G-30,21.4,12.0,50,Bloque G-30 no encontrado.
280,G-30,26.8,15.0,50,Bloque G-30 no encontrado.
282,G-30,26.8,15.0,50,Bloque G-30 no encontrado.
283,G-30,22.6,12.7,50,Bloque G-30 no encontrado.
284,G-30,26.8,15.0,50,Bloque G-30 no encontrado.
285,G-30,22.6,12.7,50,Bloque G-30 no encontrado.
286,G-30,26.8,15.0,50,Bloque G-30 no encontrado.
287,G-30,22.6,12.7,50,Bloque G-30 no encontrado.
288,G-30,26.8,15.0,50,Bloque G-30 no encontrado.
289,G-30,22.6,12.7,50,Bloque G-30 no encontrado.
290,G-30,26.8,15.0,50,Bloque G-30 no encontrado.
291,G-30,22.6,12.7,50,Bloque G-30 no encontrado.
292,G-30,26.8,15.0,50,Bloque G-30 no encontrado.
293,G-30,22.6,12.7,50,Bloque G-30 no encontrado.
294,G-30,26.8,15.0,50,Bloque G-30 no encontrado.
